"point_id","edge_id","snap_dist_m"
107,84738,"1.98095725"
108,15429,"1.83984078"
109,2229,"0.05269533"
110,41003,"0.95715701"
111,28424,"0.44971303"
112,24922,"190.44753503"
113,45845,"75.86698951"
114,6211,"2.90898557"
115,116,"3.75991756"
116,59025,"2.1504923"
117,59148,"2.96617359"
118,278,"2.93587959"
119,55098,"4.78685669"
120,48314,"4.39206629"
121,65593,"5.21392232"
122,14076,"11.19260715"
123,8275,"1.38650435"
124,9902,"2.49565145"
125,48,"0.29600749"
126,48314,"9.51429078"
127,59569,"1.19532423"
128,4038,"5.69123939"
129,55153,"12.54905408"
130,59,"6.93479806"
131,203,"25.27183936"
132,254,"0.97381995"
133,85277,"1.95307885"
134,2693,"2.37396136"
135,82346,"5.86524562"
136,27315,"15.45902575"
137,29,"1.04335364"
138,121,"3.52684924"
139,39836,"4.14714059"
140,34744,"0.22944971"
141,85457,"6.18335406"
142,55153,"12.10614492"
143,9326,"1.60726039"
144,49107,"0.32013406"
145,77326,"3042.8125247"
146,50576,"1.48839575"
147,39411,"3.73961684"
148,3224,"6.24883519"
149,63369,"4.05521096"
150,22128,"3.56081866"
151,8189,"8.24328665"
152,1228,"5.96568404"
153,57,"13.09446898"
154,55153,"5.60593931"
155,64955,"1.49803087"
156,28424,"0.44971303"
157,49826,"3.45567775"
159,3505,"4.33245108"
160,54466,"0.08576261"
161,15450,"3.63760889"
162,85229,"1.83203402"
163,24922,"147.78313257"
164,48314,"11.69524126"
165,27523,"1.6886075"
166,6211,"2.90898557"
167,59148,"2.96617359"
168,39850,"5.80525879"
169,45840,"74.99610626"
170,48314,"4.39206629"
171,1068,"2.1281307"
172,8297,"2.11470492"
173,6670,"3.61558511"
174,55153,"12.10614492"
175,55098,"4.78685669"
176,48,"5.23146949"
177,13417,"3.78020707"
178,8411,"1.1044879"
179,6223,"4.92621804"
180,55153,"12.54905408"
181,203,"25.27183936"
182,254,"0.98247689"
183,85277,"1.95307885"
184,9742,"47.31453876"
185,24084,"5.00736652"
186,82346,"5.86524562"
187,121,"1.29403499"
188,59,"6.93479806"
189,9326,"1.94778792"
190,34744,"0.22944971"
191,47,"7.16214731"
193,33707,"2.65167308"
194,39411,"4.40416074"
195,77326,"2968.13157942"
196,57873,"7.19466351"
197,8265,"1.9057088"
198,29,"1.76812698"
199,46,"4.93901391"
200,8191,"1.17346238"
201,88043,"3.37975247"
202,3224,"6.24883519"
203,57,"13.09446898"
204,11377,"0.26967972"
205,28424,"0.44971303"
206,49826,"1.06868463"
207,8242,"7.62861808"
208,55153,"5.60593931"
209,49107,"3.3926643"
210,3493,"4.29050882"
211,57003,"0.47010863"
212,114,"38.62938789"
213,8807,"1.4329955"
214,24922,"153.67427559"
215,48314,"13.1635141"
216,6211,"2.90898557"
217,5135,"7.74047632"
218,6673,"0.43369179"
219,14227,"5.72492607"
220,33723,"2.81665874"
221,48314,"4.39206629"
222,59148,"2.96617359"
223,276,"3.30686136"
224,55098,"2.18040505"
225,8415,"5.69399641"
226,48,"4.82968871"
227,55153,"12.10614492"
228,13417,"2.33367449"
229,6223,"3.62685348"
230,8292,"0.99888241"
1856,56056,"7.70098835"
231,6979,"3.47701264"
232,55153,"7.45970288"
233,59,"6.93479806"
234,51064,"25.3581507"
235,486,"7.44942797"
236,85277,"1.95307885"
237,701,"1.90026903"
238,10007,"8.46765068"
239,121,"2.899996"
240,82346,"5.86524562"
242,64364,"9.10457928"
243,77326,"2866.445805"
244,6077,"2.33123302"
245,6979,"3.47701264"
246,47,"7.16214731"
247,13724,"8.73184562"
248,29,"1.76812698"
249,51665,"1.90683605"
250,57873,"5.58308719"
251,8265,"0.09465377"
252,63613,"3.48121204"
253,3224,"6.24883519"
254,28424,"0.44971303"
255,34744,"0.22944971"
256,78656,"2.67750004"
257,57,"13.09446898"
258,8185,"5.40084319"
259,8242,"7.62861808"
260,55153,"5.60593931"
261,61315,"27.63296094"
262,3493,"3.98340156"
263,750,"4.29103993"
264,114,"38.5076982"
265,15439,"2.68049692"
266,28214,"4.93113223"
267,24922,"153.67427559"
268,6211,"0.49702014"
269,59148,"2.96617359"
270,273,"9.25818483"
271,14227,"4.15994226"
272,55098,"2.18040505"
273,6672,"0.95416275"
274,48018,"2.03608336"
275,48018,"2.03608336"
276,48314,"4.39206629"
277,7208,"1.32221235"
278,48,"4.82968871"
279,27527,"0.90285088"
280,8199,"0.85035001"
281,3997,"0.18641587"
282,55153,"7.28716579"
283,48314,"14.84509942"
284,8283,"2.20303834"
285,48018,"2.03608336"
286,48018,"2.03608336"
287,121,"0.1140735"
288,82783,"7.14164143"
289,483,"8.52017049"
290,48018,"2.03608336"
291,23993,"1.96654274"
292,59,"7.38738622"
293,201,"0.5133978"
294,55017,"1.02365245"
295,29,"1.76812698"
296,82346,"5.86524562"
297,39836,"4.14714059"
298,55153,"12.10614492"
299,5281,"9.92743556"
300,34744,"0.22944971"
301,45,"18.34766505"
302,5984,"3.33226178"
303,60424,"2.17717479"
304,70880,"5.81645492"
305,63871,"6.63710626"
306,3224,"6.24883519"
307,57863,"1.74608049"
308,8265,"0.09465377"
309,77326,"2766.67287138"
310,8179,"4.35198455"
311,61315,"25.67314383"
312,247,"1.16799436"
313,28424,"0.44971303"
314,8242,"7.62861808"
315,55153,"5.60593931"
316,59,"10.30928763"
317,3487,"4.13870932"
318,4008,"0.61158343"
319,114,"38.5076982"
320,17357,"4.32836277"
321,28214,"0.23404677"
322,48314,"5.29046419"
323,24922,"153.67427559"
324,6211,"5.421531"
325,4045,"4.21586436"
326,27527,"3.83278676"
327,6676,"2.93893582"
328,59148,"2.96617359"
329,14227,"4.15994226"
330,48314,"4.39206629"
331,55098,"2.18040505"
332,273,"11.39501649"
333,8248,"0.77764306"
334,55153,"12.10614492"
335,8197,"0.46299146"
336,7211,"5.20387253"
337,22125,"4.62301532"
338,55153,"7.4378884"
339,3997,"2.155791"
340,51066,"10.63144084"
341,59,"7.38738622"
342,483,"8.52017049"
343,82783,"7.14164143"
344,1075,"0.23368425"
345,150,"3.31921951"
346,82346,"5.86524562"
347,55017,"49.15226963"
348,7475,"3.77379195"
349,728,"15.29537207"
350,46,"0.0020349"
351,65589,"9.71626345"
352,34744,"0.22944971"
353,77326,"2760.888055"
354,5977,"0.06891169"
355,22115,"4.23547403"
356,4018,"0.42177841"
357,17668,"2.50630832"
358,8180,"1.46435328"
359,34745,"56.98675374"
360,74007,"0.29046695"
361,245,"1.74383373"
362,59,"11.2206373"
363,28424,"0.44971303"
364,61315,"25.67314383"
365,8242,"7.62861808"
366,50569,"1.1001744"
367,3486,"3.33600709"
368,55153,"5.60593931"
369,3350,"1.73018343"
370,72477,"6.03580373"
371,15441,"1.90084216"
372,48314,"1.52411906"
373,114,"38.5076982"
374,24922,"153.67427559"
375,6211,"5.421531"
376,6704,"1.67308928"
377,14217,"3.3017851"
378,4053,"11.44975736"
379,27527,"4.01471645"
380,55098,"2.18040505"
381,59148,"2.96617359"
382,48314,"4.39206629"
383,7205,"0.62671764"
384,55153,"12.10614492"
385,22125,"6.11392883"
386,8197,"2.31269073"
387,747,"2.00981571"
388,3997,"2.43266427"
389,55153,"7.6239635"
390,46,"2.93929634"
391,19523,"4.85264237"
392,6222,"5.88303657"
393,63367,"13.38160382"
394,84384,"5.32998557"
395,82346,"5.86524562"
396,8248,"0.76882641"
397,59,"7.38738622"
398,77326,"2701.50200022"
400,2319,"10.50667832"
401,34744,"0.22944971"
402,82704,"7.45266407"
403,51858,"1.58281841"
404,4018,"17.41517028"
405,48049,"4.1998756"
406,48049,"4.1998756"
407,1060,"1.81757453"
408,22,"0.80359068"
409,10007,"48.61814709"
410,619,"2.99501573"
411,72477,"10.55598205"
412,50949,"48.17382838"
413,48049,"4.1998756"
414,46429,"2.94833049"
415,28424,"0.44971303"
419,59,"8.27594729"
416,61315,"25.67314383"
417,5977,"1.84682611"
418,17670,"4.30276769"
420,8283,"9.096156"
421,87077,"1.08769348"
422,55153,"5.60593931"
423,3486,"2.30481356"
424,15441,"1.90084216"
425,6964,"87.50527319"
426,24922,"153.67427559"
427,48314,"0.12195276"
428,6211,"5.421531"
429,7207,"4.8079519"
430,4114,"2.19124408"
431,6179,"2.25676409"
432,14225,"5.09957681"
433,3354,"1.01595965"
434,48314,"4.39206629"
435,27527,"4.01471645"
436,55153,"12.10614492"
437,55098,"0.68322673"
438,8246,"0.08615797"
439,48,"6.90191127"
440,28478,"2.57582538"
441,55153,"7.28486327"
442,7205,"0.70312113"
443,59,"7.38738622"
444,19520,"7.16617017"
445,55154,"1.30118298"
446,6220,"1.08036961"
447,10007,"41.81361287"
448,28,"19.88589089"
449,7302,"4.39656686"
450,152,"2.03108843"
451,82346,"5.86524562"
452,1053,"2.98852193"
454,77326,"2796.07974393"
455,51858,"1.71812645"
456,34744,"0.22944971"
457,25770,"1.94841767"
458,33709,"11.37522484"
459,619,"0.99488165"
460,8197,"2.29891398"
461,12254,"2.86015574"
462,5877,"88.79450511"
463,59124,"1.69396283"
464,19519,"1.89114597"
465,17670,"5.30775669"
466,240,"116.83066676"
467,28424,"0.44971303"
468,61315,"26.59201261"
469,48049,"2.66546702"
470,8248,"4.80466302"
471,59,"2.4839956"
472,55153,"5.60593931"
473,3486,"2.30481356"
474,15443,"3.57474075"
475,48314,"1.90998425"
476,24922,"155.97742982"
477,50069,"10.08954647"
478,6211,"5.421531"
479,27527,"4.01471645"
480,7216,"7.15014359"
481,13667,"5.5421788"
482,76154,"10.11229041"
483,3348,"1.24851855"
484,48314,"4.39206629"
485,55098,"0.68322673"
486,8246,"3.86496289"
487,7132,"140.2290238"
488,80419,"0.0885758"
489,7205,"0.70312113"
490,48,"1.5129678"
491,55153,"12.10614492"
492,7126,"4.08216536"
493,55153,"7.20717303"
494,59,"7.38738622"
495,43,"3.52781266"
496,49826,"5.039089"
497,48340,"4.44051074"
498,154,"2.46764953"
499,7300,"3.40629626"
500,7302,"4.68446726"
501,1053,"13.28696668"
502,82346,"5.86524562"
504,43,"0.62595788"
505,77326,"2788.38671774"
506,10007,"41.81361287"
507,54440,"2.9656257"
508,6765,"6.1666404"
510,17950,"1.16395407"
511,7196,"3.39363426"
512,50070,"10.70141636"
513,58674,"4.15891815"
514,64299,"4.35787086"
515,6964,"112.07258742"
516,59,"0.69882363"
517,28424,"0.44971303"
518,55153,"5.60593931"
519,11377,"6.20048591"
520,8246,"2.52787329"
521,59124,"4.22004617"
522,10004,"11.35072115"
523,3486,"2.30481356"
524,8160,"1.65058635"
525,3348,"0.13283105"
526,240,"1.55722915"
527,48314,"1.90998425"
528,24922,"255.34691417"
529,6207,"1.17445422"
531,13677,"17.9383654"
532,6785,"5.89357607"
533,55098,"0.68322673"
534,63876,"1.30144425"
535,63876,"3.30702419"
536,48314,"4.39206629"
537,8251,"5.89811573"
538,55153,"12.10614492"
539,12254,"1.17871943"
540,48,"1.5129678"
541,48297,"7.9212491"
509,25772,"1.67344584"
542,55153,"6.45387406"
543,66,"1.9405624"
544,59,"7.38738622"
545,66709,"6.44315959"
546,78656,"5.82959979"
547,3389,"1.59456621"
548,82346,"5.86524562"
549,1053,"9.89354545"
551,10007,"34.61816318"
552,34744,"0.22944971"
553,27,"1.17606231"
554,46456,"3882.68064122"
555,71434,"6.44864907"
556,66,"1.40008499"
557,52581,"0.42076651"
558,7205,"0.33964114"
559,4021,"0.41018952"
560,17950,"1.85154289"
561,45,"0.92486257"
562,58674,"2.45060133"
563,9954,"0.93766911"
564,59124,"0.0486441"
565,6765,"6.1666404"
566,1228,"0.78364614"
567,114,"69.61176438"
568,8249,"1.14903173"
569,59,"4.78554462"
570,28424,"0.44971303"
571,55153,"5.60593931"
572,58,"2.50608267"
573,3473,"3.50855489"
574,2240,"3.70578948"
575,117,"5.93470023"
576,3348,"1.96529162"
577,48049,"4.3130955"
578,56034,"217.80695215"
579,48049,"2.83225134"
580,48049,"2.83225134"
581,48314,"1.90998425"
582,48049,"2.83225134"
583,10004,"11.35072115"
584,4075,"11.98986718"
585,29234,"3.53912181"
586,63876,"1.42457811"
587,4097,"1.91181089"
588,55098,"0.68322673"
589,63876,"1.17549254"
590,48314,"4.39206629"
591,8716,"0.37987196"
592,55153,"12.10614492"
593,48,"7.09047754"
594,9954,"0.17209829"
595,60424,"3.81079458"
596,55153,"6.40231394"
597,309,"5.55852498"
598,60423,"3.92404701"
599,59,"7.38738622"
600,28431,"1.54096316"
601,23987,"0.31795467"
602,82346,"5.86524562"
603,336,"33.45111591"
604,247,"1.01766053"
605,46,"7.91188775"
606,33827,"7.74850367"
608,7207,"3.44363272"
609,46456,"3781.94338958"
610,1053,"15.03102563"
611,34744,"3.8468877"
612,34744,"0.49413234"
613,59957,"0.17332228"
614,5891,"47.94711795"
615,58,"6.64732036"
616,17950,"4.5483474"
617,52332,"3.59908348"
618,6765,"6.1666404"
619,487,"4.85172088"
620,8155,"3.43503434"
621,114,"69.61176438"
622,28424,"0.44971303"
623,6042,"0.83905412"
624,8251,"2.58177125"
625,59,"4.78554462"
626,55153,"5.60593931"
627,46468,"9.47447789"
628,10025,"0.74079692"
629,3348,"1.67460018"
630,48314,"1.90998425"
631,56034,"193.50666031"
632,71434,"5.5935672"
633,51666,"0.99155271"
634,19176,"0.00843599"
635,48049,"1.16987733"
636,6794,"0.36534126"
637,4066,"2.01927388"
638,63876,"1.17549254"
639,63876,"0.57647028"
640,55098,"0.68322673"
641,48314,"4.39206629"
642,235,"2.22964165"
643,8254,"6.23836176"
644,55153,"12.10614492"
645,48,"7.90070418"
646,7203,"4.3265573"
647,309,"2.75661779"
648,68120,"1.34900908"
649,55153,"6.39489309"
650,59,"7.38738622"
651,34744,"4.17508627"
652,246,"3.4780474"
653,28425,"1.13706395"
654,23987,"2.63982879"
655,34,"3.23877077"
656,51858,"5.83692644"
657,1053,"4.56021193"
659,10007,"1.91517484"
660,46456,"3693.88859984"
661,9741,"8.07254215"
662,51666,"1.25559904"
663,82346,"5.86524562"
664,118,"84.78014866"
665,59957,"0.17332228"
666,17950,"7.48278855"
667,7193,"0.86504179"
668,63614,"1.64438553"
669,58,"6.64732036"
670,51652,"10.76440643"
671,6765,"6.1666404"
672,59,"4.78554462"
673,8159,"2.75564153"
674,28424,"0.44971303"
675,8711,"3.56347605"
676,55153,"5.60593931"
677,288,"0.70897153"
678,54691,"2.75901492"
679,49891,"2.71203222"
680,69987,"0.89813964"
681,33707,"7.09537949"
682,1875,"5.25344721"
683,114,"59.43578438"
684,48314,"1.90998425"
685,56034,"208.29770887"
686,19176,"0.4512499"
687,48049,"0.74750042"
688,10004,"4.52194415"
689,66575,"2.97124872"
690,55098,"0.68322673"
691,66575,"5.58832727"
692,6794,"0.60647367"
693,48314,"4.39206629"
694,7216,"1.16144562"
695,85457,"6.56671137"
696,52335,"4.13317218"
697,3985,"11.50598831"
698,8197,"0.64848365"
699,59,"7.38738622"
700,55153,"12.10614492"
701,45839,"11.78541502"
702,28425,"2.11771687"
703,23983,"1.80469058"
704,55153,"6.36978666"
705,51858,"3.01562244"
706,1053,"4.56021193"
708,46456,"3681.1029311"
709,50573,"2.28965905"
710,34744,"4.17508627"
711,50573,"13.3446448"
712,50075,"9.3646694"
713,34,"4.28833554"
714,59957,"1.41974756"
715,119,"3.72093645"
716,58,"6.64732036"
717,3049,"4.19552497"
718,17968,"3.0786286"
719,22104,"5.34002641"
720,51652,"11.57673605"
721,8159,"2.75564153"
722,59,"5.77405688"
723,45845,"77.38989092"
724,8711,"3.4958641"
725,28424,"0.44971303"
726,55153,"5.60593931"
727,54691,"1.55257832"
728,82346,"5.86524562"
729,55017,"1.80313127"
730,59723,"5.96125199"
731,1943,"0.33213529"
732,13041,"0.07809051"
733,70895,"175.33223595"
734,48314,"1.90998425"
735,6794,"0.60647367"
736,65602,"6.27425165"
737,10004,"4.52194415"
738,27315,"5.59472056"
739,48314,"4.39206629"
740,51666,"1.50052859"
741,55098,"0.68322673"
742,8197,"3.18309657"
743,55153,"12.10614492"
744,48,"7.27133737"
745,7194,"5.58520985"
746,8339,"6.72800536"
747,13677,"9.6874213"
748,3985,"2.06906009"
749,55153,"6.37062675"
751,60423,"6.14014842"
752,59,"7.38738622"
753,117,"2.91940945"
754,28425,"2.11771687"
755,82346,"5.48939228"
756,3392,"0.98294771"
757,63613,"7.28584903"
758,1053,"4.56021193"
759,8264,"8.42874183"
760,34,"2.57908586"
761,86551,"2.84107908"
763,46456,"3836.82727994"
764,50573,"8.64140997"
765,13726,"0.07363155"
766,27523,"0.54929219"
767,58,"6.64732036"
768,17968,"5.83981058"
769,5267,"0.19813265"
770,39405,"1.4692922"
771,2239,"1.79611893"
772,51652,"11.57673605"
773,6018,"2.87035852"
774,55110,"0.63753916"
775,68594,"33.89951515"
776,59,"5.39845533"
777,8711,"3.4958641"
778,28424,"0.81230041"
779,84750,"1.35523554"
780,55153,"5.60593931"
781,3176,"0.88332836"
782,1882,"5.96206939"
783,69992,"1.97388796"
784,60423,"1.79089997"
785,48314,"1.90998425"
786,70895,"155.98199596"
787,50075,"7.71145493"
788,48314,"12.54821859"
789,74225,"3.59287606"
790,10004,"4.52194415"
791,6796,"4.34918617"
792,9742,"95.76308139"
793,27315,"68.94417884"
794,48314,"4.39206629"
795,13677,"7.10170867"
796,80419,"5.49065779"
797,55098,"0.68322673"
798,7218,"0.14051102"
799,48,"6.49314769"
800,3985,"2.06906009"
801,55153,"5.62297847"
802,60423,"5.93128362"
803,59,"7.38738622"
804,116,"7.03360522"
805,34,"3.23022997"
806,28425,"2.11771687"
807,3392,"0.55906989"
808,55098,"2.25418419"
809,55153,"12.10614492"
811,1053,"4.56021193"
812,82346,"5.48939228"
813,49972,"1.57889048"
814,49972,"1.57889048"
815,46456,"4079.87874686"
816,49972,"1.57889048"
817,49972,"1.57889048"
818,11446,"1.11238968"
819,250,"1.96479281"
820,5788,"1.53366455"
821,250,"4.17508461"
822,116,"3.07396379"
823,49972,"1.57889048"
824,62,"5.73388406"
825,17968,"6.88771127"
826,84750,"3.65910589"
827,39404,"4.80239402"
828,58,"6.64732036"
829,6818,"0.67637939"
830,3053,"38.22553794"
831,59,"0.21756542"
832,51652,"11.07248747"
833,28424,"3.79608272"
834,10025,"0.74936989"
835,55153,"5.60593931"
836,3176,"3.44135328"
837,60424,"1.36353709"
838,1882,"5.96206939"
839,85265,"149.86208098"
840,8711,"3.4958641"
841,74225,"4.68053138"
842,69992,"2.10689647"
843,27315,"91.140138"
844,6783,"6.27927301"
845,10004,"2.74429435"
846,55098,"0.68322673"
847,13708,"1.09146114"
848,48314,"14.29212089"
849,7196,"5.18937532"
850,33778,"1.4816508"
851,48,"6.49314769"
852,39405,"6.94286402"
853,55153,"12.10614492"
854,55153,"3.89154344"
855,48314,"1.28897506"
856,59,"8.07100637"
857,60423,"5.93128362"
858,116,"7.6067624"
859,254,"1.54868511"
860,65,"1.79803206"
861,7745,"3.16423288"
862,3985,"2.06906009"
863,3392,"2.4608289"
864,55098,"3.61539154"
865,1106,"0.70761438"
867,11447,"3.86448287"
868,247,"4.34055897"
869,247,"2.15338167"
870,7320,"1.74378516"
871,34,"3.23022997"
872,116,"8.19336948"
873,84750,"3.65910589"
874,58,"6.64732036"
875,17968,"2.39207329"
876,39404,"5.10037198"
877,1875,"0.86040505"
878,46456,"4351.17767025"
879,65597,"23.71870573"
880,28424,"3.8946392"
881,59,"0.57816302"
882,42915,"1.33529939"
883,55153,"5.60593931"
884,8711,"3.4958641"
886,72451,"1.97224675"
887,78400,"3.26565914"
888,60000,"3.8441958"
889,7746,"1.72943293"
890,69992,"1.40921406"
891,85265,"157.45353213"
892,74225,"4.68053138"
893,27315,"91.140138"
894,6776,"3.80661766"
895,278,"4.13286057"
896,13704,"0.22820017"
897,48314,"1.28350852"
898,48314,"17.74201103"
899,55098,"0.68322673"
900,7197,"0.39186412"
901,55153,"12.10614492"
902,39404,"2.32584778"
903,6794,"5.04749069"
904,48,"6.49314769"
905,66,"3.55241665"
906,3985,"2.06906009"
907,55153,"3.95875732"
908,7745,"3.16423288"
909,59,"15.51924881"
910,48,"6.49314769"
911,60423,"5.93128362"
912,492,"10.87207497"
913,1105,"4.11424733"
914,22722,"2.42768158"
915,7858,"8.80782605"
916,34,"3.23022997"
917,6185,"0.36783868"
918,245,"0.64496947"
919,11425,"8.42007207"
921,116,"7.6067624"
922,48190,"4683.26425523"
923,7321,"1.29979175"
924,34743,"0.32067688"
925,58,"6.64732036"
926,246,"2.25873209"
927,116,"8.25469392"
928,84750,"3.65910589"
929,17968,"10.83714217"
930,9520,"8.54303042"
931,6225,"4.40736547"
932,8388,"4.07550652"
933,60001,"0.16858112"
934,65597,"20.07679538"
935,28424,"1.35888638"
936,59,"0.57816302"
937,42915,"1.33529939"
938,8711,"3.4958641"
939,55153,"5.60593931"
940,28425,"4.196524"
941,72451,"1.97224675"
942,10021,"3.12935862"
943,69992,"2.85371903"
944,63613,"2.22707248"
945,85265,"113.39099868"
946,48314,"1.28350852"
947,74225,"4.68053138"
948,27315,"91.140138"
949,13704,"0.51552869"
950,278,"4.13286057"
952,48314,"16.58754123"
953,52334,"1.0376508"
954,6797,"0.15601361"
955,55153,"12.10614492"
956,39848,"3.55043103"
957,8388,"2.49347491"
958,60423,"5.93128362"
959,55153,"3.62499018"
960,3985,"2.06906009"
961,116,"7.6067624"
962,59,"14.24664924"
963,22121,"1.78904496"
866,13371,"4.93859858"
964,48,"6.49314769"
965,48,"6.49314769"
966,39853,"10.20713432"
967,22721,"0.30858459"
968,7743,"7.97420857"
969,19520,"12.71861076"
970,48190,"4940.51834216"
971,245,"1.14506117"
973,84945,"3.73213694"
974,5801,"10.04755162"
975,7321,"2.0465625"
976,237,"0.53133663"
977,17968,"1.77407639"
951,55098,"0.68322673"
978,48,"6.49314769"
979,8906,"0.26501889"
980,28424,"2.66180974"
981,8388,"1.60187681"
982,58,"6.64732036"
983,84750,"3.65910589"
984,9420,"1.28680117"
985,10022,"3.39686288"
986,59,"0.57816302"
987,65597,"20.07679538"
988,42915,"1.33529939"
989,8716,"1.86174641"
990,28424,"1.35888638"
991,42,"3.09165098"
992,10021,"3.12935862"
993,72451,"1.97224675"
994,55153,"3.84203124"
995,70892,"36.26348511"
996,59977,"2.99365767"
997,48314,"1.28350852"
998,69992,"0.99475535"
999,39847,"1.70935624"
1000,9742,"96.36398746"
1001,278,"4.13286057"
1002,13706,"0.15890412"
1003,55098,"0.68322673"
1004,48314,"16.58754123"
1005,7194,"0.40056727"
1006,4090,"3.99595017"
1007,4098,"3.60083145"
1008,3985,"2.06906009"
1009,55153,"10.62106626"
1010,55153,"3.69736919"
1011,60423,"5.93128362"
1012,59,"12.90321797"
1013,66862,"8.91404948"
1014,484,"9.46141811"
1015,1055,"3.31841946"
1016,7737,"9.05723032"
1017,39411,"2.45380329"
1018,22121,"5.46707829"
1019,13362,"3.55685954"
1020,19520,"2.8907727"
1021,22724,"6.07274786"
1022,116,"0.33624061"
1023,4554,"11.36177382"
1024,240,"11.02303763"
1025,236,"2.28046369"
1026,236,"2.28046369"
1027,5283,"0.89045292"
1028,58,"6.64732036"
1029,48190,"5232.86215603"
1030,236,"2.28046369"
1031,9416,"0.10762592"
1032,84750,"3.65910589"
1033,39406,"4.9436271"
1034,48,"4.15059199"
1035,28424,"1.05014022"
1036,1877,"4.44280705"
2705,10004,"3.94323186"
1037,17968,"0.39195711"
1038,59,"0.57816302"
1039,42915,"1.29798963"
1040,46,"10.32790975"
1041,28424,"1.35888638"
1042,8253,"5.97555666"
1043,65597,"20.07679538"
1044,72451,"1.97224675"
1045,60021,"3.86208405"
1046,48314,"1.28350852"
1047,70892,"11.46721161"
1048,4314,"8.8998596"
1049,55153,"3.84203124"
1050,39847,"3.74899077"
1051,69992,"0.42756527"
1052,279,"3.48230718"
1053,13703,"11.37501445"
1054,13706,"0.00969634"
1055,48314,"16.58754123"
1056,55098,"0.68322673"
1057,55153,"9.50105295"
1058,283,"6.37225773"
1059,4097,"1.8292149"
1060,3985,"2.06906009"
1061,55153,"3.69736919"
1062,45,"2.96910577"
1063,60423,"5.93128362"
1064,59,"12.90321797"
1065,19520,"22.55918307"
1066,58674,"4.98829288"
1067,1055,"6.45789164"
1068,13403,"0.34877911"
1069,44663,"9.76733611"
1070,66785,"5.7814041"
1071,27526,"0.49497992"
1072,48190,"5520.72055711"
1073,116,"1.30769896"
1074,10011,"4.97797628"
1075,7132,"167.23967605"
1076,644,"10.68699022"
1077,58,"6.64732036"
1078,7793,"1.50414484"
1079,22726,"3.19390629"
1080,17968,"0.24355652"
1081,65597,"5.83864686"
1082,9414,"3.28878254"
1083,4126,"1.69835196"
1084,28424,"1.05014022"
1085,1020,"4.59654671"
1086,22128,"0.03215301"
1087,7218,"2.79112693"
1088,33707,"13.77753314"
1089,75645,"0.33566079"
1090,84750,"7.44411428"
1091,59,"0.57816302"
1092,22125,"7.48880375"
1093,28424,"1.35888638"
1094,3187,"2.71819968"
1095,2257,"1.69749913"
2783,1319,"161.67687146"
1096,55153,"4.45908936"
1097,512,"3.32548997"
1098,39405,"0.49023662"
1099,39405,"0.49023662"
1100,1352,"3.60305006"
1101,39405,"2.87945356"
1102,57342,"0.76576415"
1103,39847,"3.74899077"
1104,276,"4.11910408"
1105,13706,"0.00969634"
1106,55098,"0.68322673"
1107,5891,"8.28015976"
1108,48314,"16.58754123"
1109,4066,"2.2795412"
1110,48314,"1.28350852"
1111,22058,"9.17649101"
1112,55153,"3.53775705"
1113,3985,"2.06906009"
1114,59,"9.96766778"
1115,27527,"1.22122581"
1116,49826,"8.7592578"
1117,22726,"3.25421529"
1118,63821,"19.81653407"
1119,4019,"6.46354917"
1120,487,"8.19605305"
1121,1055,"6.45789164"
1122,60423,"5.93128362"
1123,13401,"3.04040725"
1124,48190,"5810.20148081"
1125,4538,"4.41000821"
1126,6964,"97.46354968"
1127,116,"3.31082503"
1128,55153,"9.50105295"
1129,7793,"2.96677104"
1130,58,"6.64732036"
1131,52,"10.77070117"
1132,3053,"40.45882846"
1133,9410,"0.97846056"
1134,17968,"2.53779463"
1135,4113,"9.15340498"
1136,1008,"3.19847919"
1137,28424,"1.05014022"
1138,5989,"0.84458007"
1139,84750,"4.84263633"
1140,13724,"0.29881903"
1141,59,"0.57816302"
1142,85458,"2.47489318"
1143,73024,"13.73812089"
1144,48314,"1.28350852"
1145,3188,"5.76487343"
1146,28424,"1.35888638"
1147,512,"2.14882795"
1148,55153,"4.45908936"
1149,10004,"1.70612165"
1150,85458,"2.47489318"
1151,48314,"1.28350852"
1152,1352,"2.88474475"
1153,2257,"2.47647762"
1154,39404,"3.77917952"
1155,4019,"6.06425217"
1156,8257,"0.62767653"
1157,5891,"9.42243647"
1158,39847,"3.74899077"
1159,6173,"0.36771957"
1160,58613,"3.19470938"
1161,8199,"10.17604615"
1162,8199,"10.17604615"
1163,13706,"0.00969634"
1164,48314,"16.58754123"
1165,55098,"0.68322673"
1166,8199,"10.17604615"
1167,10004,"5.31728488"
1168,55153,"9.50105295"
1169,278,"2.00956632"
1170,3985,"2.06906009"
1171,55153,"3.15270658"
1172,59,"9.96766818"
1173,60423,"5.93128362"
1174,116,"3.31082503"
1175,64300,"7.86406723"
1176,49826,"1.84198075"
1177,27527,"6.52450976"
1178,65785,"4.68201478"
1179,70880,"7.05945904"
1180,492,"11.13972695"
1181,1055,"6.45789164"
1182,13383,"0.27157842"
1183,66862,"10.02845874"
1184,28843,"0.85380362"
1185,48190,"6085.47443674"
1186,4538,"1.16188278"
1187,58,"6.64732036"
1188,68594,"37.72909176"
1189,55139,"3.77553797"
1190,4104,"2.06100529"
1191,66,"10.12626793"
1192,52123,"6.40398321"
1193,114,"60.28207742"
1194,28424,"1.43103332"
1195,5989,"2.0433157"
1196,84750,"6.47178479"
1197,57151,"3.14070188"
1198,85458,"2.47489318"
1199,59,"0.02981948"
1200,28424,"2.14257794"
1201,64264,"5.75218306"
1202,1413,"2.81120729"
1203,1029,"1.88089168"
1204,14429,"0.98700882"
1205,38973,"6.01940414"
1206,55153,"4.45908936"
1207,48314,"2.31640651"
1208,42859,"2.67080347"
1209,39404,"3.58011588"
1210,33744,"4.11501433"
1211,39847,"3.74899077"
1212,9992,"4.33884022"
1213,48314,"16.58754123"
1214,5891,"9.42243647"
1215,28824,"4.72324031"
1216,55098,"0.68322673"
1217,13418,"3.30024344"
1218,10004,"5.86406639"
1219,42,"3.59320704"
1220,265,"6.58411956"
1221,55153,"4.44452357"
1222,3985,"2.06906009"
1223,60423,"5.93128362"
1224,59,"9.96766818"
1225,63876,"6.60150782"
1226,78656,"4.94207329"
1227,13960,"3.3108396"
1228,65785,"8.21591173"
1229,48190,"6354.95820064"
1230,27304,"0.59493024"
1231,27304,"0.59493024"
1232,4538,"3.70390016"
1233,938,"3.58403924"
1234,4018,"4.27993436"
1235,57151,"1.89256744"
1236,45845,"75.23201994"
1237,43,"6.7476479"
1238,51652,"10.80762223"
1239,27304,"6.11626671"
1240,66862,"10.02845874"
1241,58,"6.64732036"
1242,28424,"1.43103332"
1243,11592,"3.86563841"
1244,7477,"2.16757018"
1245,56,"0.26421936"
1246,61310,"1.38203027"
1247,28424,"10.53201921"
1248,543,"1.77319475"
1249,45845,"76.60505188"
1250,1416,"9.40787063"
1251,59,"0.02981948"
1252,1000,"2.93536334"
1253,5880,"14.25358035"
1254,55142,"2.11307221"
1255,55153,"4.44452357"
1256,14429,"2.31717245"
1257,1029,"1.35274532"
1258,38973,"3.47380112"
1259,55153,"4.45908936"
1260,11592,"1.35730134"
1261,11592,"1.35730134"
1262,42855,"2.91571828"
1263,48,"6.49314769"
1264,11592,"1.35730134"
1265,58606,"1.195451"
1266,8388,"3.12467167"
1267,48314,"2.79109252"
1268,39847,"3.74899077"
1269,63876,"1.38259484"
1270,55098,"0.68322673"
1271,5891,"9.42243647"
1272,27527,"3.02512133"
1273,27527,"3.02512133"
1274,48314,"16.58754123"
1275,33736,"1.23952735"
1276,27527,"3.02512133"
1277,55161,"0.9134533"
1278,14045,"1.31828713"
1279,10004,"5.86406639"
1280,263,"10.93369925"
1281,42,"0.7872543"
1282,3985,"2.25182747"
1283,59,"9.96766818"
1284,60423,"5.93128362"
1285,5891,"1.61743212"
1286,78656,"3.13544439"
1287,66575,"7.24911966"
1288,935,"9.37182381"
1289,12265,"0.21561275"
1290,51652,"10.11113276"
1291,4018,"50.29680604"
1292,77326,"5329.56259128"
1293,4538,"3.70390016"
1294,48314,"16.58754123"
1295,57151,"1.89256744"
1296,68594,"37.28255473"
1297,58,"6.64732036"
1298,114,"45.66207115"
1299,46,"4.14337342"
1300,7477,"2.81151689"
1301,28424,"1.43103332"
1302,61310,"1.38203027"
1303,56,"14.07370418"
1304,603,"0.46309598"
1305,52145,"1.70434898"
1306,59,"0.02981948"
1307,28424,"10.53201921"
1308,1000,"2.73425409"
1309,52,"2.33745971"
1310,65785,"1.98839879"
1311,1411,"12.16818254"
1312,14429,"2.31717245"
1313,1029,"0.20567453"
1314,38973,"1.32545329"
1315,55153,"4.45908936"
1316,80847,"4.20183901"
1317,42855,"2.55963453"
1318,33762,"3.17036853"
1319,48327,"5.65221967"
1320,66575,"2.78846624"
1321,5891,"9.42243647"
1322,39847,"2.55956069"
1323,54347,"2.97495634"
1324,27527,"1.68596966"
1325,48314,"16.58754123"
1326,55098,"0.68322673"
1327,14045,"11.53751749"
1328,10004,"5.86406639"
1329,12525,"3.27681255"
1330,68556,"0.60840121"
1331,9998,"5.58694953"
1332,51858,"2.33496302"
1333,59,"9.96766818"
1334,60423,"5.93128362"
1335,7474,"4.46177188"
1336,7474,"4.46177188"
1337,65602,"2.62368579"
1338,78656,"3.13544439"
1339,6173,"16.26704443"
1340,6173,"16.26704443"
1341,64299,"24.49842157"
1342,935,"9.37182381"
1343,13952,"0.28180673"
1344,51652,"10.11113276"
1345,7474,"4.46177188"
1346,65785,"3.15175062"
1347,80233,"30.22070229"
1348,77326,"5555.61845254"
1349,29345,"3.11775291"
1350,13712,"6.69994152"
1351,57,"3.99753201"
1352,6964,"86.52836846"
1353,4538,"4.41927692"
1354,1411,"1.31728955"
1355,46,"4.86807495"
1356,33747,"7.5940447"
1357,28424,"1.43103332"
1358,61310,"1.38203027"
1359,1000,"2.73425409"
1360,56,"14.07370418"
1361,64356,"1.31765649"
1362,52143,"6.59770338"
1363,28424,"10.53201921"
1364,59,"6.91608939"
1365,50,"2.69436731"
1366,10326,"1.60423252"
1367,55153,"4.45908936"
1368,1029,"0.20567453"
1369,6173,"16.26704443"
1370,14429,"2.31717245"
1371,1571,"1.2060295"
1372,280,"4.68864346"
1373,28611,"6.0824428"
1374,5081,"1.55848554"
1375,27527,"1.68596966"
1376,27527,"1.68596966"
1377,4094,"1.03923671"
1378,27527,"1.68596966"
1379,55098,"1.87293124"
1380,5891,"9.42243647"
1381,27315,"21.66442971"
1382,48314,"16.58754123"
1383,14041,"3.20530097"
1384,54347,"1.80803341"
1385,10004,"5.26984286"
1386,55098,"0.4892871"
1387,12525,"2.15909086"
1388,51763,"0.12803339"
1389,48340,"6.95490202"
1390,46,"28.43505369"
1391,60423,"5.62989533"
1392,59,"9.96766818"
1393,27315,"1.35339019"
1394,78656,"3.13544439"
1395,23932,"5.77881939"
1396,32399,"6.9036154"
1397,935,"9.37182381"
1398,5879,"38.60092321"
1399,13703,"8.13951486"
1400,7474,"4.46177188"
1401,3052,"39.99725713"
1402,77342,"5438.38705158"
1403,4538,"4.41927692"
1404,29258,"8.08295999"
1405,51652,"10.11113276"
1406,57,"3.99753201"
1407,52143,"15.93175432"
1408,46,"4.86807495"
1409,1411,"5.25591307"
1410,64939,"0.04517506"
1411,28424,"1.43103332"
1412,56,"14.07370418"
1413,27525,"17.54694095"
1414,6025,"0.73821265"
1415,64356,"1.59696629"
1416,59,"0.15803765"
1417,50,"2.37871126"
1418,7132,"160.71891952"
1419,14429,"2.31717245"
1420,10333,"0.29672092"
1421,1029,"0.20567453"
1422,28424,"10.53201921"
1423,55153,"4.45908936"
1424,27525,"10.13652009"
1425,66753,"3.67591913"
1426,5081,"0.4942165"
1427,280,"0.40948341"
1428,4094,"2.18681527"
1429,27527,"1.68596966"
1430,9742,"24.62571933"
1431,5891,"9.42243647"
1432,58604,"4.86938517"
1433,8906,"4.75954871"
1434,14041,"3.20530097"
1435,10004,"5.26984286"
1436,48314,"16.58754123"
1437,76333,"1.78087539"
1438,48340,"5.87335578"
1439,119,"1.4776382"
1440,22128,"2.68982789"
1441,59,"9.96766818"
1442,51666,"5.66735713"
1443,60423,"5.62989533"
1444,27315,"1.35339019"
1445,78656,"3.13544439"
1446,23761,"10.29478"
1447,32399,"6.9036154"
1448,51652,"10.11113276"
1449,935,"9.37182381"
1450,77342,"5503.66088662"
1451,5891,"11.26800502"
1452,65597,"19.50995607"
1453,13708,"67.19306438"
1454,70950,"5.18841523"
1455,240,"29.6036162"
1456,57,"2.02557583"
1457,3368,"4.35193026"
1458,1411,"7.22920686"
1459,27525,"15.60077054"
3152,78656,"7.81287619"
1460,46,"4.86807495"
1461,85458,"2.47489318"
1462,56,"0.9308004"
1463,28424,"1.43103332"
1464,1025,"2.05505361"
1465,49096,"1.63798068"
1466,64356,"3.41336645"
1467,4538,"2.42341525"
1468,7466,"4.26406279"
1469,59,"7.3973476"
1470,28424,"10.53201921"
1471,50,"3.27341218"
1472,64452,"4.65374175"
1473,1029,"0.20567453"
1474,10333,"1.98567605"
1475,63876,"4.16755233"
1476,5081,"0.4942165"
1477,24147,"0.8797952"
1478,55153,"4.45908936"
1479,6772,"2.92802469"
1480,58604,"3.63497009"
1481,5891,"9.42243647"
1482,10007,"4.40209998"
1483,22058,"40.32773734"
1484,48314,"16.58754123"
1485,33744,"8.89707413"
1486,39411,"4.26084376"
1487,14041,"4.57181113"
1488,10004,"5.26984286"
1489,50573,"1.53042937"
1490,66861,"0.66734709"
1491,75996,"2.56629911"
1492,55142,"5.02149671"
1493,48340,"0.42760952"
1494,60423,"5.62989533"
1495,59,"9.96766818"
1496,27315,"1.35339019"
1497,78656,"3.13544439"
1498,32402,"6.50578979"
1499,51652,"10.11113276"
1500,1153,"2.19595093"
1501,9742,"42.46127006"
1502,23761,"4.33973637"
1503,77342,"5538.6613619"
1504,11302,"3.96767601"
1505,9994,"60.50578227"
1506,69824,"0.47724154"
1507,57,"2.02557583"
1508,45838,"1.0558138"
1509,52376,"4.3715115"
1510,46,"4.86807495"
1511,27527,"9.73481942"
1512,56,"4.70997216"
1513,1025,"6.40514452"
1514,28424,"1.43103332"
1515,64356,"7.39723093"
1516,28424,"10.53201921"
1517,59,"2.78243607"
1518,50,"3.27341218"
1519,1411,"6.58631559"
1520,16316,"0.33512719"
1521,1029,"0.20567453"
1522,5980,"2.58405019"
1523,55153,"4.45908936"
1524,10333,"0.73548839"
1525,66575,"3.1945707"
1526,5081,"0.4942165"
1527,58591,"0.09632382"
1528,65597,"19.50995607"
1529,58604,"3.63497009"
1530,39389,"1.01538655"
1531,22058,"25.56087217"
1532,28588,"8.29994726"
1533,55017,"1.14636647"
1534,116,"0.46440418"
1535,55160,"1.31947452"
1536,341,"2.36637995"
1537,48314,"16.58754123"
1538,10011,"5.63568743"
1539,10004,"5.26984286"
1540,14041,"5.74954632"
1541,50573,"4.52889731"
1542,6731,"0.6129191"
1543,48341,"4.39684163"
1544,50,"6.11798169"
1545,59,"9.96766818"
1546,27315,"1.35339019"
1547,78656,"3.13544439"
1548,1161,"5.1096604"
1549,23883,"1.91194416"
1550,32402,"3.89068803"
1551,336,"2.39814102"
1553,118,"32.7099042"
1554,48190,"7161.44884312"
1555,60423,"5.62989533"
1556,11302,"1.16664673"
1557,69824,"0.44425588"
1558,57,"2.02557583"
1559,46,"4.86807495"
1560,117,"11.69569783"
1561,3369,"0.95376184"
1562,84750,"1.79682531"
1563,27527,"11.11650362"
1564,5976,"3.57626878"
1565,4937,"3.4514063"
1566,28424,"1.43103332"
1567,1411,"6.72009331"
1568,56,"4.70997216"
1569,28424,"10.53201921"
1570,48314,"1.28350852"
1571,656,"3.40898941"
1572,59,"2.213938"
1573,994,"1.4765979"
1574,50,"3.27341218"
1575,57,"2.02557583"
1576,16315,"4.79184478"
1577,22123,"1.56025464"
1578,55153,"4.45908936"
1579,65602,"1.93231593"
1580,59709,"2.63347716"
1581,5081,"0.4942165"
1582,10333,"0.8298146"
1583,76192,"0.50703468"
1584,22059,"37.41475664"
1585,58604,"3.63497009"
1586,28588,"8.29994726"
1587,22116,"6.29471354"
1588,13727,"1.90746514"
1589,9996,"1.00033674"
1590,116,"5.60097936"
1591,70880,"10.81308646"
1592,48314,"16.58754123"
1593,14041,"5.3668153"
1594,10004,"5.26984286"
1595,250,"5.80313258"
1596,6729,"5.69030801"
1597,65602,"0.55709193"
1598,50,"12.93291118"
1599,28425,"2.47224907"
1600,60423,"5.62989533"
1601,54440,"11.39136023"
1602,27315,"1.35339019"
1603,78656,"3.13544439"
1604,23811,"4.71861461"
1605,6717,"2.01713811"
1606,119,"0.18746205"
1607,7463,"3.1034973"
1608,1161,"5.34383987"
1609,55017,"4.01668714"
1610,65595,"1.37373186"
1611,84750,"4.16299229"
1612,48190,"7157.1641223"
1613,123,"3.48470428"
1614,69824,"0.44425588"
1615,57,"6.28805053"
1616,115,"9.23554241"
1617,29834,"2.16288048"
1618,1411,"6.88698379"
1619,27527,"9.5230077"
1620,28424,"1.43103332"
1621,56,"4.70997216"
1622,1026,"5.36456628"
1623,6065,"1.13807203"
1624,63521,"1.36956617"
1625,59,"3.01891275"
1626,28424,"11.03553858"
1627,50,"3.27341218"
1628,51858,"7.78738432"
1629,16320,"0.90480825"
1630,58,"0.42061021"
1631,10333,"1.55729651"
1632,55153,"4.45908936"
1633,65602,"0.55709193"
1634,5081,"0.4942165"
1635,55990,"0.80136523"
1636,20980,"6.35602967"
1637,22116,"4.62287459"
1638,28588,"8.29994726"
1639,13727,"1.90746514"
1640,280,"25.901261"
1641,48314,"16.58754123"
3362,98,"2.72356592"
1642,14041,"5.56988413"
1643,9996,"3.06715293"
1644,4018,"6.73990639"
1645,10004,"5.26984286"
1646,246,"7.06178489"
1647,51667,"9.33068831"
1648,55153,"4.44452357"
1649,50,"12.93291118"
1650,254,"1.06555091"
1651,54440,"11.4216273"
1652,60423,"5.6962129"
1653,27315,"1.35339019"
1654,78656,"3.13544439"
1655,23951,"0.19937291"
1656,1161,"5.34383987"
1657,121,"1.89923561"
1658,7463,"3.1034973"
1659,6718,"5.78812269"
1660,116,"4.38516148"
1661,66862,"13.27222558"
1662,48190,"7149.39509351"
1663,65595,"1.37373186"
1664,6764,"0.8449783"
1665,29834,"5.40792603"
1666,13727,"11.48726267"
1667,1411,"6.91669729"
1668,56,"4.70997216"
1669,28424,"1.43103332"
1670,63877,"9.9112474"
1671,57,"14.80089735"
1672,63609,"5.45858528"
1673,28431,"5.63706954"
1674,63521,"1.36956617"
1675,59,"3.01891275"
1676,6173,"2.65207299"
1677,235,"2.76067858"
1678,42907,"0.51421056"
1679,50,"3.27341218"
1680,54440,"2.01513444"
1681,2901,"12.030613"
1682,55153,"4.45908936"
1683,27315,"0.36750714"
1684,12881,"0.06108874"
1685,12881,"0.06108874"
1686,55979,"0.22149311"
1687,85277,"4.85436713"
1688,280,"5.47265885"
1689,13727,"1.90746514"
1690,28588,"8.29994726"
1691,22118,"16.39457893"
1692,12881,"0.12949626"
1693,48314,"16.58754123"
1694,115,"5.6210112"
1695,14041,"5.56988413"
1696,243,"4.93359194"
1697,10004,"5.26984286"
1698,59708,"0.07843883"
1699,5081,"0.4942165"
1700,9996,"2.25902797"
1701,50,"12.93291118"
1702,54440,"11.4216273"
1703,69824,"0.44425588"
1704,6969,"0.99708202"
1705,13726,"8.35711934"
1706,27315,"1.35339019"
1707,78656,"3.13544439"
1708,33678,"7.88592122"
1709,121,"2.14209642"
1710,29227,"13.31096647"
1711,29227,"13.31096647"
1712,1161,"5.34383987"
1713,76255,"2.84496256"
1714,48240,"7166.84773797"
1715,65595,"1.37373186"
1716,60423,"5.6962129"
1717,619,"1.30821008"
1718,7461,"0.83761275"
1719,4018,"37.50778823"
1720,33707,"0.24359175"
1721,29227,"16.24911977"
1722,57,"12.92483939"
1723,29834,"2.65052889"
1724,63611,"3.57530899"
1725,23814,"3.67191968"
1726,63878,"2.89040668"
1727,28424,"1.43103332"
1728,56,"4.70997216"
1729,27315,"2.21844028"
1730,59,"3.01891275"
1731,28425,"1.34239209"
1732,3042,"2.95736075"
1733,50,"3.27341218"
1734,1408,"6.26187842"
1735,3213,"7.04733656"
1736,55153,"4.45908936"
1737,33709,"16.1422884"
1738,5081,"0.4942165"
1739,10333,"2.05647941"
1741,88050,"3.78126616"
1742,27315,"3.04349626"
1743,27315,"1.35339019"
1744,10006,"3.71342335"
1745,59974,"2.28393094"
1746,10333,"2.05647941"
1747,22118,"16.39457893"
1748,13727,"1.90746514"
1749,9996,"2.25902797"
1750,264,"10.87186994"
1751,5877,"3.51966763"
1752,49106,"3.83428337"
1753,48314,"16.58754123"
1754,14041,"5.56988413"
1755,235,"1.52659788"
1756,10004,"5.26984286"
1757,6979,"1.88075378"
1758,117,"1.78132971"
1759,121,"7.93299314"
1760,50,"12.93291118"
1761,54440,"11.4216273"
1762,60423,"5.6962129"
3459,13704,"28.15314723"
1763,78656,"3.13544439"
1764,27315,"1.35339019"
1765,23814,"5.15190731"
1766,27527,"8.22048921"
1767,121,"1.731851"
1768,1170,"1.67925426"
1769,7460,"1.90478472"
1770,619,"3.7585335"
1771,6722,"6.60216708"
1772,55098,"18.452385"
1773,20845,"8.73845892"
1774,48240,"7161.6226872"
1775,57,"11.93374327"
1776,1408,"1.76137496"
1777,54349,"7.41401211"
1778,29227,"15.62892003"
1779,66,"3.05294996"
1780,56,"15.66115698"
1781,28424,"1.43103332"
1782,27315,"4.29382569"
1783,548,"2.71484074"
1784,28425,"4.64091848"
1785,59,"3.01891275"
1786,51666,"0.03592485"
1787,50,"0.30457589"
1788,4042,"3.85823827"
1789,42270,"1.19202231"
1790,33709,"16.1422884"
1791,55153,"4.45908936"
1792,27315,"4.22217372"
1793,5081,"0.4942165"
1794,58358,"2.34686665"
1795,64944,"1.0536693"
1796,64944,"1.0536693"
1797,10333,"2.05647941"
1798,279,"3.90850632"
1799,48340,"6.7049706"
1800,63880,"3.95349452"
1801,64944,"1.0536693"
1802,13727,"1.51501"
1803,270,"1.69732042"
1804,63614,"0.47578182"
1805,9996,"2.25902797"
1806,49114,"0.98390575"
1807,10004,"5.26984286"
1808,14041,"6.39813966"
1809,116,"4.12664017"
1810,48314,"16.58754123"
1811,5879,"34.36823582"
1812,4166,"3.69571127"
1813,121,"0.99920872"
1814,60423,"5.6962129"
1815,27315,"1.35339019"
1816,54440,"11.4216273"
1817,55098,"0.69953885"
1818,78656,"3.13544439"
1819,1175,"0.87468853"
1820,23814,"5.15190731"
1821,6722,"6.60216708"
1822,50,"12.93291118"
1823,7451,"5.26704982"
1824,48240,"7159.45680513"
1825,3972,"0.54026001"
1826,27527,"7.05526161"
1827,64944,"1.0536693"
1828,64944,"1.0536693"
1829,29227,"15.62892003"
1830,121,"0.36861525"
1831,51666,"0.01205691"
1832,28424,"1.43103332"
1833,57,"13.70649984"
1834,12525,"2.32132874"
1835,619,"4.29481902"
1836,53208,"2.86695189"
1837,2750,"1.41677549"
1838,33732,"0.85676082"
1839,56,"15.66115698"
1840,59,"3.01891275"
1841,28425,"4.64091848"
1842,64944,"1.0536693"
1843,46807,"1.872142"
1844,1411,"8.91108008"
1845,6959,"2.80463554"
1846,55165,"2.13195169"
1847,55153,"7.59403307"
1848,58984,"0.93749692"
1849,27315,"2.42180782"
1850,3818,"10.16739273"
1851,276,"8.93088618"
1852,13726,"1.55014907"
1853,60423,"1.76639296"
1854,271,"4.16468358"
1855,33741,"15.93286489"
1857,254,"0.10742778"
1858,5891,"26.69812722"
1859,48314,"16.58754123"
1860,116,"1.46770599"
1861,14041,"6.39813966"
1862,5081,"0.4942165"
1863,10004,"5.26984286"
1864,121,"1.79819598"
1865,4161,"0.16485921"
1866,60423,"5.6962129"
1867,54440,"3.55285074"
1868,50,"12.93291118"
1869,55098,"11.79371592"
1870,27315,"1.35339019"
1871,78656,"3.13544439"
1872,993,"2.34338393"
1873,6722,"6.45268291"
1874,728,"0.83384902"
1875,27527,"6.5894316"
1876,39397,"0.16009291"
1877,23814,"5.15190731"
1878,619,"4.29481902"
1879,3972,"6.79578175"
1880,48240,"7159.45680513"
1881,57,"14.62952011"
1882,64,"0.94285785"
1883,19174,"11.55518835"
1884,1412,"0.93866819"
1885,116,"1.94284488"
1886,56,"0.94322954"
1887,50573,"6.6612008"
1888,28424,"1.43103332"
1889,254,"2.7798503"
1890,54726,"8.41587344"
1891,59,"3.01891275"
1892,64944,"1.0536693"
1893,64830,"0.0019245"
1894,5966,"6.85034626"
1895,6959,"1.00766025"
1896,33693,"6.31344976"
1897,5081,"0.4942165"
1898,27315,"1.93421843"
1899,23460,"1.1425744"
1900,55153,"7.59403307"
1901,1320,"2.3340463"
1902,272,"6.46541366"
1903,58,"5.9350331"
1904,6172,"8.07299455"
1905,13726,"1.55014907"
1906,60423,"4.3355302"
1907,118,"53.16348481"
1908,48314,"16.58754123"
1910,27652,"3.55549886"
1911,10004,"5.26984286"
1912,76154,"0.27290918"
1913,27523,"2.1251868"
1914,235,"2.66462757"
1915,50,"12.93291118"
1916,20844,"6.18325717"
1917,20844,"6.18325717"
1918,60423,"5.6962129"
1919,60423,"4.3355302"
1920,27315,"1.35339019"
1921,78656,"3.13544439"
1922,54440,"1.63567661"
1923,23814,"6.93344261"
1924,20844,"6.18325717"
1925,728,"3.24786104"
1926,728,"6.17293887"
1927,993,"1.47176267"
1928,6722,"6.45268291"
1929,55098,"11.79371592"
1930,14041,"3.35829858"
1931,39841,"4.82618586"
1932,84280,"1.33740566"
1933,48240,"7159.45680513"
1934,57,"13.92433905"
1935,22115,"5.07822127"
1936,74225,"3.10437871"
1937,86552,"0.84224195"
1938,116,"4.42709237"
1939,27527,"1.07793761"
1940,28424,"1.43103332"
1941,54726,"7.44771272"
1942,55,"3.13396811"
1943,51652,"9.70255036"
1944,59,"3.01891275"
1945,54038,"1.09680717"
3673,54348,"8.05080559"
1946,9410,"0.42760236"
1947,64944,"1.0536693"
1948,6959,"1.29634769"
1949,33693,"6.31344976"
1950,24245,"2.52861006"
1951,27315,"1.93421843"
1952,5081,"0.4942165"
1953,55153,"7.59403307"
1954,3822,"0.61106143"
1955,6172,"0.62529898"
1956,85458,"2.47489318"
1957,3974,"6.35885973"
1958,6174,"5.6360369"
1959,55098,"7.22065689"
1960,58,"5.9350331"
1961,33732,"7.65699862"
1962,60423,"4.3355302"
1963,27652,"4.4553696"
1964,33746,"0.52460153"
1965,48314,"16.58754123"
1966,340,"8.48026152"
1967,3974,"4.76295976"
1968,3974,"4.76295976"
1969,14041,"1.59538304"
1970,63877,"0.60174159"
1971,10004,"5.26984286"
1972,33707,"11.42066222"
1973,3974,"4.76295976"
1974,7300,"4.05298258"
1975,50,"12.93291118"
1976,54440,"1.63567661"
1977,60423,"5.6962129"
1978,27315,"1.35339019"
1979,78656,"3.13544439"
1980,23807,"3.44217075"
1981,6722,"6.45268291"
1982,27527,"6.61167868"
1983,55098,"2.78517445"
1984,29964,"8.26441235"
1985,1007,"0.28312055"
1986,39841,"0.30529824"
1987,48240,"7159.45680513"
1988,28,"1.78151679"
1989,33709,"1.12432392"
1990,250,"1.4906875"
1991,9414,"2.10121599"
1992,57,"18.63684331"
1993,55,"4.37993922"
1994,28424,"1.43103332"
1995,6537,"2.80579695"
1996,3209,"3.26437022"
1997,59,"3.01891275"
1998,60035,"2.05107403"
1999,59977,"6.40221907"
2000,487,"9.63305209"
2001,116,"4.52650763"
2002,1029,"5.89542579"
2003,2882,"0.86522333"
2004,33693,"6.31344976"
2005,55153,"6.60454298"
2006,27315,"1.93421843"
2007,58361,"2.24210864"
2008,5081,"0.4942165"
2009,58,"5.9350331"
2010,27525,"0.71383857"
2011,55098,"4.58046535"
2012,60423,"4.3355302"
2013,4052,"5.43754507"
2014,116,"5.68581931"
2015,3822,"1.1255648"
2016,27652,"4.4553696"
2017,48314,"15.65977657"
2018,51666,"6.38865813"
2019,10004,"5.26984286"
2020,33663,"1.38130724"
2021,27,"0.63403169"
2022,3974,"3.16101171"
2023,50,"19.78993045"
2024,60423,"5.6962129"
2025,54440,"1.63567661"
2026,27525,"2.34876761"
2027,27525,"2.34876761"
2028,27315,"1.35339019"
2029,23799,"7.89342119"
2030,78656,"3.13544439"
2031,50569,"5.86467715"
2032,6722,"6.45268291"
2033,27525,"2.34876761"
2034,55098,"2.78517445"
2035,63877,"5.44499989"
2036,29964,"10.14160199"
2037,27527,"2.72344364"
2038,6537,"0.61118056"
2040,48240,"7159.45680513"
2041,33709,"7.88700284"
2042,57,"13.77293556"
2043,1020,"3.55505975"
2044,4314,"5.60807943"
2045,22845,"1.95467147"
2046,55,"4.37993922"
2047,28424,"8.19107642"
2048,116,"0.38687008"
2049,59,"3.01891275"
2050,246,"1.96859174"
2051,3209,"4.67630937"
2052,487,"9.63305209"
2053,60035,"2.83355638"
2054,1029,"2.26682468"
2055,2942,"0.36971744"
2056,55153,"4.1626309"
2057,33698,"4.68079688"
2058,5081,"0.4942165"
2059,27315,"2.39203678"
2060,58361,"2.24210864"
2061,58,"5.9350331"
2062,27525,"0.29082947"
2063,3822,"4.37430351"
2064,8906,"0.05952075"
2065,60423,"5.23739155"
2066,27652,"4.4553696"
2067,116,"5.51783341"
2068,65906,"10.06026774"
2069,48314,"15.65977657"
2070,33663,"0.37624928"
2071,10004,"5.26984286"
2072,27525,"3.22483407"
2073,60424,"0.6486332"
2074,33827,"3.69897867"
2075,50,"19.78993045"
2076,54440,"1.63567661"
2077,60423,"5.6962129"
2078,27315,"1.35339019"
2079,78656,"3.13544439"
2080,54349,"3.1407844"
2081,55098,"5.80328183"
2082,2269,"18.30767971"
2083,23764,"2.36097857"
2084,52126,"6.46454484"
2085,6723,"3.16581442"
2086,50569,"2.5418863"
2087,39841,"0.30529824"
2088,76154,"0.67512688"
2089,7001,"9.49980029"
2090,48240,"7159.45680513"
2091,474,"0.54818041"
2092,40,"10.69105234"
2093,4314,"0.33181666"
2094,45839,"18.86778228"
2095,28424,"0.53687248"
2096,54440,"3.7387713"
2097,3209,"4.65119721"
2098,484,"4.19073212"
2099,59,"3.01891275"
2100,56,"4.2765221"
2101,236,"3.35328638"
2102,9419,"8.17394842"
2103,60035,"2.83355638"
2104,2938,"4.1904835"
2105,66572,"5.27661503"
2106,1029,"0.27357533"
2107,23474,"4.36442766"
2108,27315,"2.39203678"
2109,55153,"0.05568686"
2110,10918,"4.64609746"
2111,55098,"4.28156738"
2112,27527,"3.62575868"
2113,8906,"6.9756688"
2114,60423,"5.23739155"
2115,58,"5.9350331"
2116,48314,"15.65977657"
2117,5971,"1.0700642"
2118,116,"2.21124823"
2119,14042,"1.80667111"
2120,33744,"0.04454086"
2121,60424,"27.19567586"
2122,10004,"5.26984286"
2123,5081,"0.4942165"
2124,33827,"4.17738733"
2125,319,"9.11960461"
2126,65907,"5.95587276"
2127,50,"19.78993045"
2128,60423,"5.6962129"
2129,54440,"1.63567661"
2130,55098,"9.81160497"
2131,27315,"1.35339019"
2132,78656,"3.13544439"
2133,23763,"1.44344974"
2134,50569,"3.59807115"
2135,2269,"11.49557235"
2136,8256,"1.43686552"
2137,39841,"0.30529824"
2138,1954,"0.29255989"
2139,48240,"7159.45680513"
2140,33732,"2.79518679"
2141,3130,"5.95420112"
2142,76154,"0.67512688"
2143,48352,"5.13242772"
2144,4314,"0.33181666"
2145,117,"4.25131386"
2146,73024,"4.25789548"
2147,7302,"31.93306542"
2148,28424,"2.97085277"
2149,57,"18.72008919"
2150,59,"6.61823123"
2151,59,"3.01891275"
2152,45988,"4.30693424"
2153,60035,"2.83355638"
2154,1029,"1.82635273"
2155,34743,"2.84198336"
2156,548,"9.56453398"
2157,66572,"5.27661503"
2158,55153,"1.10488978"
2159,27315,"0.50964165"
2160,5081,"0.4942165"
2161,24264,"1.49185838"
2162,10918,"1.94371116"
2163,76255,"8.22597623"
2164,58,"5.9350331"
2165,39411,"0.01064409"
2166,116,"0.51814951"
2167,60423,"5.23739155"
2168,4052,"8.72158029"
2169,27499,"1.58828264"
2170,48314,"15.65977657"
2171,66570,"39.45320777"
2172,34,"0.90364677"
2173,10004,"5.26984286"
2174,33744,"0.04454086"
2175,50,"19.78993045"
2176,54440,"1.63567661"
2177,315,"13.5516546"
2178,60423,"5.6962129"
2179,78656,"3.13544439"
2180,27315,"1.35339019"
2181,23837,"2.96616513"
2182,116,"5.62922096"
2183,23,"3.80346852"
2184,79498,"2.72892732"
2185,8265,"3.1457526"
2186,1037,"1.24526115"
2187,55098,"2.37961748"
2188,76154,"0.67512688"
3913,79293,"4.79612279"
2189,6505,"1.92991631"
2190,39841,"0.30529824"
2191,14042,"1.00989631"
2192,57,"21.30361004"
2193,48240,"7159.45680513"
2194,116,"7.33139954"
2195,56054,"1.97147762"
2196,9520,"0.7497177"
2197,4314,"0.33181666"
2198,12525,"1.61248765"
2199,7302,"6.94664726"
2200,28424,"5.11584494"
2201,2808,"4.53722383"
2203,49826,"5.82597766"
2204,60035,"2.83355638"
2205,1029,"1.82635273"
2206,548,"30.05132314"
2207,66572,"5.27661503"
2208,55153,"2.40189539"
2209,5081,"4.1819988"
2210,58350,"0.43516476"
2211,27315,"4.06613966"
2212,58,"4.51294685"
2213,10918,"5.12176692"
2214,13719,"2.79235271"
2215,54349,"7.65841168"
2216,58,"5.9350331"
2217,60423,"5.23739155"
2218,115,"3.38764342"
2219,27499,"3.88357073"
2220,48314,"8.14288541"
2221,276,"1.60938282"
2222,14042,"1.27846151"
2223,10004,"5.34053868"
2224,33744,"0.04454086"
2225,66570,"0.71219811"
2226,482,"19.61898338"
2227,34,"1.06585087"
2228,50,"19.78993045"
2229,34744,"3.75749612"
2230,54440,"1.63567661"
2231,27315,"1.35339019"
2232,78656,"3.13544439"
2233,48046,"0.11229898"
2234,58126,"1.82240674"
2235,8265,"3.43055172"
2236,55098,"3.8908764"
2237,2604,"22.17945871"
2238,39841,"0.30529824"
2239,116,"5.99099339"
2240,76154,"0.67512688"
2241,7302,"7.45151284"
2242,48240,"7159.45680513"
2243,40,"26.49282887"
2244,116,"4.92240904"
2245,4314,"1.22971384"
2246,58,"10.67844215"
2247,5659,"7.23234716"
2248,28424,"5.13783405"
2249,33700,"40.76493783"
2250,7302,"12.13071786"
2251,2785,"2.34101585"
2252,54440,"8.5104046"
2253,78655,"3.46784084"
2254,22120,"0.11558611"
2255,121,"3.70050548"
2256,9535,"2.40704343"
2257,548,"30.05132314"
2258,66572,"5.27661503"
2259,55152,"3.76319864"
2260,9182,"3.81913428"
2261,65603,"4.70549169"
2262,35497,"0.55502"
2263,60423,"5.23739155"
2264,58,"5.9350331"
2265,279,"5.47974069"
2266,54349,"9.04662274"
2267,45846,"0.12331632"
2268,70880,"3.08007346"
2269,5081,"3.45227137"
2270,48314,"8.14288541"
2271,6185,"4.72931799"
2272,27770,"0.90461886"
2273,10004,"5.34053868"
2274,33690,"6.60177736"
2275,8197,"0.06275285"
2276,61,"4.80524964"
2277,27315,"1.35339019"
2278,60423,"6.0124596"
2279,34,"6.17154686"
2280,50,"19.78993045"
2281,78656,"3.13544439"
2282,8265,"10.72277995"
2283,23788,"1.93284753"
2284,6174,"4.61845243"
2285,116,"2.26306556"
2286,6185,"2.26370159"
2287,2413,"1.15325987"
2288,7302,"3.12082976"
2289,33775,"2.28259983"
2290,1044,"4.09748847"
2291,76154,"0.67512688"
2292,48240,"7159.45680513"
2293,168,"2.52013994"
2294,316,"3.36024575"
2295,28692,"6.35564689"
2296,40,"26.47217903"
2297,58,"10.67844215"
2298,27523,"2.43509266"
2299,7302,"12.13071786"
2300,28507,"7.46369314"
2301,28424,"0.69752485"
2302,66570,"4.05170523"
2303,288,"0.70897153"
2304,54440,"2.96890565"
2305,2827,"3.61596405"
2306,56054,"0.6348179"
2307,121,"4.00104846"
2308,250,"2.3821245"
2309,548,"30.05132314"
2310,66572,"5.27661503"
2311,63608,"3.03345255"
2312,34742,"1.37676092"
2313,65603,"4.70549169"
2314,19229,"3.15466672"
2315,2731,"0.01841434"
2316,66862,"1.92154026"
2317,58,"5.9350331"
2318,4018,"4.39379371"
2319,60423,"5.23739155"
2320,266,"3.10882789"
2321,48314,"0.30594954"
2322,27770,"0.8882679"
2323,46429,"4.60868866"
2324,10004,"5.34053868"
2325,276,"9.98720583"
2326,33690,"6.60177736"
2327,34,"0.2489465"
2328,50,"19.78993045"
2329,60423,"6.04318262"
2330,61,"3.1852112"
2331,78656,"2.15934886"
2332,27315,"1.35339019"
2333,116,"1.32639168"
2334,8906,"1.6020602"
2335,23788,"1.93284753"
2336,44592,"3.26523724"
2337,55143,"5.44280336"
2338,1044,"4.09748847"
2339,8265,"15.95218327"
2340,76154,"0.67512688"
2341,316,"3.36024575"
2342,59148,"4.69018502"
2343,48240,"7159.45680513"
2344,40,"28.26914078"
2345,66862,"2.25085275"
2346,28692,"7.26433696"
2347,48054,"1.82125976"
2348,45,"6.76577569"
2349,33690,"0.53947314"
2350,80419,"0.52286107"
2351,246,"1.26876879"
2352,54440,"3.7141554"
2353,121,"2.62104116"
2354,28424,"2.69016742"
2355,58,"10.67844215"
2356,14148,"2.18524015"
2357,54440,"2.43439209"
2358,22128,"4.31339998"
2359,548,"30.05132314"
2360,66572,"5.27661503"
2361,121,"5.8886809"
2362,121,"5.8886809"
2363,65603,"4.70549169"
2364,80847,"1.03567474"
2365,85587,"3.70121274"
2366,63613,"2.62666506"
2367,58,"5.9350331"
2368,19229,"2.24809443"
2369,264,"0.54270031"
2370,2728,"71.83247513"
2371,116,"0.98513347"
2372,7130,"195.94527545"
2373,60423,"5.23739155"
2374,6423,"1.25795844"
2375,48314,"6.96543814"
2376,4018,"17.97859011"
2377,279,"3.30115512"
2378,10004,"5.34053868"
2379,33690,"6.60177736"
2380,316,"6.09077083"
2381,34,"5.06642734"
2382,7196,"7.47999802"
2383,121,"3.44399527"
2384,50,"19.78993045"
2385,34744,"0.35892204"
2386,61,"8.49246952"
2387,13707,"3.86911635"
2388,78656,"2.15934886"
2389,23788,"1.34883904"
2390,8906,"4.54149057"
2391,8265,"12.38564984"
2392,2411,"1.70732503"
2393,1044,"4.09748847"
2394,235,"0.69383332"
2395,48,"8.62366771"
2396,59148,"10.13479815"
2397,85587,"3.47859332"
2398,48240,"7159.45680513"
2399,76154,"0.67512688"
2400,87082,"0.76992992"
2401,33690,"0.61432088"
2402,46,"3.78611774"
2403,40,"31.4850424"
2404,28424,"1.4434225"
2405,48314,"1.28350852"
2406,58,"10.67844215"
2407,2850,"4.85449917"
2408,54440,"0.75710765"
2409,243,"11.79517908"
2410,121,"2.4754021"
2411,33709,"4.82480852"
2412,27527,"0.46208502"
2413,548,"30.05132314"
2414,66572,"5.27661503"
2415,66,"2.59159257"
2416,48298,"3.57235519"
2417,65603,"4.88559445"
2418,44020,"1.62538005"
2419,1319,"255.06043231"
2420,116,"4.99018769"
2421,5877,"25.56831205"
2422,114,"64.76629611"
2423,58,"5.9350331"
2424,60423,"5.23739155"
2425,264,"0.54270031"
2426,60061,"0.74602453"
2427,28412,"1.66039676"
2428,33690,"6.60177736"
2429,13701,"5.90284701"
2430,10004,"5.34053868"
2431,9537,"5.75011559"
2432,59709,"2.94879074"
2433,22121,"4.65757754"
2434,121,"3.75273979"
2435,7196,"4.5462724"
2436,54440,"7.45540431"
2437,34744,"3.1015944"
2438,50,"19.78993045"
2439,78656,"2.15934886"
2440,13701,"5.90284701"
2441,23748,"5.21490099"
2442,8253,"8.55323976"
2443,39411,"12.54164883"
2444,2409,"4.72627224"
2445,48,"1.32297792"
2446,59075,"2.45261252"
2447,76154,"0.67512688"
2448,6785,"1.6111987"
2449,4932,"2.16016392"
2450,48240,"7159.45680513"
2451,10006,"4.17102608"
2452,235,"1.75991295"
2453,40,"23.54405568"
2454,87082,"0.76992992"
2455,58,"10.67844215"
2456,27527,"3.4085422"
2457,49972,"0.46765253"
2458,43,"4.36988028"
2459,28424,"4.38375588"
2460,33690,"0.61432088"
2461,64313,"1.61244417"
2462,54440,"0.18131448"
2463,728,"7.91566476"
2464,22115,"4.79409298"
2465,548,"30.05132314"
2466,12525,"3.58536799"
2467,66572,"5.27661503"
2468,239,"2.42315336"
2469,27315,"5.59288453"
2470,9191,"0.13346276"
2471,1319,"326.4738469"
2472,58,"5.9350331"
2473,116,"0.96671135"
2474,254,"1.52613416"
2475,64299,"6.80869459"
2476,114,"63.42309648"
2477,60423,"5.23739155"
2478,264,"8.68234618"
2479,7197,"3.19503654"
2480,4060,"2.08832239"
2481,28411,"1.62521382"
2482,33690,"6.60177736"
2483,10004,"5.34053868"
2484,66785,"4.98803209"
2485,50,"19.78993045"
2486,121,"2.3252201"
2487,54440,"7.45540431"
2488,34744,"3.1015944"
2489,13701,"3.2893698"
2490,78656,"2.15934886"
2491,23748,"5.48406647"
2492,235,"1.75991295"
2493,8253,"4.11073005"
2494,48,"1.32297792"
2495,60027,"7.47087571"
2496,2406,"4.99059885"
2497,10011,"1.71668764"
2498,76154,"0.67512688"
2499,4071,"6.33993891"
2500,6118,"2.9453549"
2501,48240,"7159.45680513"
2502,60092,"2.44524186"
2503,87082,"0.76992992"
2504,40,"17.58589831"
2505,12127,"0.96929117"
2506,22115,"11.26472775"
2507,27527,"0.02611811"
2508,28424,"2.37654554"
2509,24293,"2.44257195"
2510,54440,"7.79873683"
2511,58,"10.67844215"
2512,7300,"4.28222133"
2513,4162,"1.40249341"
2514,123,"9.26688468"
2515,33690,"0.61432088"
2516,55165,"11.76632213"
2517,89238,"30.17549952"
2518,66572,"5.27661503"
2519,27315,"5.59288453"
2520,254,"6.22781445"
2521,64483,"0.19184948"
2522,34743,"5.32785022"
2523,2728,"284.74070558"
2524,116,"5.73849536"
2525,58,"5.9350331"
2526,1330,"1.74141556"
2527,270,"0.94016437"
2528,60423,"5.23739155"
2529,114,"63.42309648"
2530,80847,"0.596023"
2531,7199,"12.76265168"
2532,80847,"0.41999641"
2533,4060,"2.08832239"
2534,10004,"5.34053868"
2535,33690,"6.60177736"
2536,121,"2.2001043"
2537,728,"0.32236599"
2538,69,"0.04451544"
2539,50,"19.78993045"
2540,34744,"3.1015944"
2541,54440,"7.45540431"
2542,13701,"3.2893698"
2543,13720,"22.41550776"
2544,78656,"2.15934886"
2545,39409,"4.49035528"
2546,45031,"5.28432917"
2547,8716,"3.73000562"
2548,22128,"23.81259921"
2549,2415,"3.99036932"
2550,235,"1.75991295"
2551,4070,"3.73106106"
2552,76154,"0.67512688"
2553,48240,"7159.45680513"
2554,57,"19.43767834"
2555,28692,"2.97552424"
2556,12523,"40.808001"
2557,58,"10.67844215"
2558,33690,"10.20606137"
2559,33709,"6.51255582"
2560,12128,"6.98108013"
2562,24295,"1.02158513"
2563,4166,"0.20117752"
2564,4935,"1.65258078"
2565,54440,"6.51194532"
2566,33827,"11.44865515"
2567,89235,"2.49582498"
2568,66572,"5.27661503"
2569,33693,"1.03272096"
2570,27315,"5.59288453"
2571,64850,"2.21564624"
2572,49826,"1.32304247"
2573,2728,"214.77259717"
2574,1330,"1.849869"
2575,235,"1.11645293"
2576,279,"14.30635327"
2577,59,"6.75490749"
2578,60423,"5.23739155"
2579,254,"5.91592004"
2580,114,"63.42309648"
2581,4023,"2.40770239"
2582,10004,"5.34053868"
2583,64299,"1.5337153"
2584,728,"3.12282632"
2585,121,"2.2001043"
2586,4060,"3.01907763"
2587,33690,"3.26927255"
2588,61,"7.5224141"
2589,13702,"4.6156796"
2590,34744,"3.1015944"
2591,50,"19.78993045"
2592,78656,"2.15934886"
2593,45031,"4.79903795"
2594,121,"0.42197401"
2595,22125,"7.73386921"
2596,8716,"0.11506178"
2597,235,"3.1040221"
2598,2415,"6.60550186"
2599,39409,"4.41165059"
2600,13733,"15.2844964"
2601,4066,"14.51618425"
2602,48240,"7159.45680513"
2603,49588,"1.75342155"
2604,49588,"1.75342155"
2605,57336,"4.76835521"
2606,76154,"0.67512688"
2607,59,"27.39384157"
2608,33690,"15.52432076"
2609,12128,"4.89419942"
2610,58,"10.67844215"
2611,33709,"0.37480557"
2612,4937,"3.46104941"
2613,28424,"4.43332915"
2614,27527,"133.67605172"
2615,24306,"5.07098247"
2616,54440,"6.70747553"
2617,4166,"4.07493812"
2618,12176,"12.84521474"
2619,49588,"2.54086873"
2620,33693,"1.27871316"
2621,2952,"6.69541219"
2622,64850,"1.84248826"
2623,27315,"5.59288453"
2624,7194,"1.284498"
2625,7745,"3.16423288"
2626,66572,"5.27661503"
2627,2728,"57.20878567"
2628,33707,"3.5376689"
2629,59,"6.75490749"
2630,1331,"0.9005104"
2631,60423,"5.23739155"
2632,279,"14.30635327"
2633,59709,"6.61369431"
2634,4023,"1.82574889"
2635,114,"63.42309648"
2636,7218,"5.64433861"
2637,4060,"3.01907763"
2638,33690,"13.02559068"
2639,121,"3.19605182"
2640,10004,"5.34053868"
2641,50,"19.78993045"
2642,78656,"7.80821981"
2643,34744,"3.1015944"
2644,4021,"11.8192896"
2645,6176,"1.2136057"
2646,61,"2.12060815"
2647,78656,"2.15934886"
2648,23427,"8.34427866"
2649,4018,"5.8137546"
2650,8711,"6.13816214"
2651,22125,"7.73386921"
2652,39409,"4.41165059"
2653,2415,"1.56518791"
2654,76154,"0.67512688"
2655,7300,"4.66971309"
2656,10004,"3.94323186"
2657,48240,"7159.45680513"
2658,4938,"6.43770311"
2659,59,"11.49271168"
2660,58,"10.67844215"
2661,235,"3.1040221"
2662,64342,"1.22233508"
2663,59,"1.91293669"
2664,64384,"119.29322752"
2665,28424,"2.98439726"
2666,12135,"3.74468149"
2667,18760,"1.41018808"
2668,24306,"5.07098247"
2669,54440,"7.83579855"
2670,6975,"3.53636998"
2671,12176,"12.84521474"
2672,52302,"4.44628923"
2673,33693,"3.44698603"
2674,89231,"3.50700594"
2675,12137,"8.9397176"
2676,249,"2.36068033"
2677,27315,"5.59288453"
2678,64850,"0.4518131"
2679,1319,"74.77870818"
2680,64297,"10.98321912"
2681,60423,"5.23739155"
2682,61,"3.98054732"
2683,280,"9.02631671"
2684,78400,"5.94154353"
2685,39405,"2.53346012"
2686,10004,"5.34053868"
2687,4060,"3.01907763"
2688,51666,"0.96368537"
2689,33690,"3.24351071"
2690,114,"63.42309648"
2691,4021,"8.00338984"
2692,7300,"4.66971309"
2693,34744,"3.1015944"
2694,61,"0.44834359"
2695,50,"19.78993045"
2696,13700,"0.94880351"
2697,121,"2.57962301"
2698,123,"5.4324829"
2699,78656,"2.15934886"
2700,33757,"5.25952028"
2701,4018,"6.86058313"
2702,23298,"2.1675635"
2703,57903,"2.81943821"
2704,8253,"7.56114799"
2706,235,"3.1040221"
2707,22125,"7.73386921"
2708,76154,"0.67512688"
2709,48240,"7159.45680513"
2710,64384,"119.29322752"
2711,64342,"4.17599473"
2712,63880,"3.01783912"
2713,12137,"4.47913175"
2714,59,"2.1815894"
2715,18760,"3.54410533"
2716,54440,"7.83579855"
2717,24306,"5.29636312"
2718,4938,"4.55646044"
2719,34,"3.58778736"
2720,28425,"3.85976179"
2721,33693,"2.91317781"
2722,52302,"2.03084712"
2723,59,"9.2436945"
2724,6971,"1.25483366"
2725,89231,"3.50700594"
2726,12137,"8.9397176"
2727,246,"1.88811092"
2728,27315,"5.59288453"
2729,64481,"1.15051288"
2730,121,"5.36833552"
2731,1319,"166.94042594"
2732,60423,"0.18714673"
2733,64297,"0.36264304"
2734,60423,"5.23739155"
2735,283,"1.32539448"
2736,78400,"5.60172801"
2737,33709,"3.77109171"
2738,8388,"1.43498038"
2739,279,"3.88593677"
2740,10004,"5.34053868"
2741,121,"2.57962301"
2742,12135,"5.02773986"
2743,203,"76.07769281"
2744,7300,"5.2555581"
2745,114,"17.18471487"
2746,34744,"3.1015944"
2747,54440,"10.9080421"
2748,78656,"2.15934886"
2749,4018,"82.24012598"
2750,64954,"1.643237"
2751,235,"3.1040221"
2752,22125,"7.73386921"
2753,11991,"1.79455744"
2754,5888,"55.43813506"
2755,76154,"0.67512688"
2756,4357,"11.58833462"
2757,10004,"3.94323186"
2758,4938,"4.55646044"
2759,23299,"2.24755267"
2760,48240,"7159.45680513"
2761,4318,"0.22035089"
2762,59,"12.06798668"
2763,59,"2.1815894"
2764,6225,"5.26481161"
2765,719,"10.56277981"
2766,6225,"5.26481161"
2767,64384,"119.29322752"
2768,33705,"15.98760831"
2769,63880,"2.1156287"
2770,49598,"1.48001494"
2771,23109,"5.64402589"
2772,6972,"2.72650403"
2773,34,"0.00620639"
2774,66572,"0.30832701"
2775,54440,"7.83579855"
2776,2951,"0.89901064"
2777,12137,"8.9397176"
2778,7477,"8.76318188"
2779,245,"1.04361544"
2780,121,"1.73466774"
2781,64481,"1.57765673"
2782,27315,"5.59288453"
2784,63,"0.71351857"
2785,9991,"0.23473774"
2786,82700,"5.64936697"
2787,45841,"6.69919041"
2788,4101,"2.41563271"
2789,78400,"5.60172801"
2790,4093,"5.19912048"
2791,60423,"5.23739155"
2792,10004,"5.34053868"
2793,274,"4.52342878"
2794,12137,"6.85765662"
2795,727,"4.24074665"
2796,7300,"5.2555581"
2797,203,"32.60726586"
2798,118,"51.26076823"
2799,33709,"0.61359366"
2800,34744,"3.1015944"
2801,23455,"2.49299368"
2802,78656,"2.15934886"
2803,11991,"1.2403966"
2804,3906,"11.17547956"
2805,5877,"50.95595323"
2806,8265,"0.61067463"
2807,33748,"9.56413329"
2808,279,"1.93260398"
2809,76154,"0.67512688"
2810,48240,"7159.45680513"
2811,86552,"6.48678959"
2812,4938,"4.55646044"
2813,22811,"6.04599098"
2814,22125,"7.73386921"
2815,116,"3.31082503"
2816,50576,"1.05594626"
2817,59,"2.1815894"
2818,59,"11.66562645"
2819,6224,"3.14236337"
2820,63880,"5.16922342"
2821,23122,"2.96234585"
2822,28198,"2.89313034"
2823,54440,"7.83579855"
2824,6972,"2.72650403"
2825,64384,"119.29322752"
2826,66570,"11.36250824"
2827,54124,"1.80352445"
2828,33709,"3.42193722"
2829,22121,"5.40196845"
2830,5893,"4.78755744"
2831,12137,"8.9397176"
2832,27315,"4.37537754"
2833,121,"2.33877192"
2834,49966,"1.77977654"
2835,1319,"157.40273122"
2836,240,"30.07523918"
2837,63613,"2.63625926"
2838,55161,"6.6324067"
2839,9991,"0.23473774"
2840,4083,"0.02197761"
2841,60423,"5.23739155"
2842,45841,"6.69919041"
2843,281,"0.22424256"
2844,6183,"5.67678653"
2845,33705,"15.34563272"
2846,727,"4.32577191"
2847,10004,"5.34053868"
2848,119,"1.78497709"
2849,28,"7.28850597"
2850,201,"19.44212748"
2851,33709,"2.61538011"
2852,33748,"9.56413329"
2853,78656,"2.15934886"
2854,23458,"3.18200706"
2855,73025,"1.77520055"
2856,8265,"1.89420926"
2857,18281,"7.76073727"
2858,11991,"3.47528246"
2859,22125,"7.73386921"
2860,34744,"3.1015944"
2861,76154,"0.67512688"
2862,5877,"0.99277204"
2863,48240,"7160.42430283"
2864,4938,"4.55646044"
2865,59,"11.37957751"
2866,59,"2.1815894"
2867,703,"10.31404778"
2868,63880,"5.16922342"
2869,64384,"117.31961201"
2870,78400,"5.93214742"
2871,54440,"14.90056888"
2872,28901,"10.73369712"
2873,59708,"3.0376657"
2874,59708,"3.0376657"
2875,23122,"3.31764724"
2876,33707,"7.9062855"
2877,92,"3.71354537"
2878,66785,"10.88002114"
2879,66570,"3.14817946"
2880,28198,"3.91912187"
2881,59708,"3.0376657"
2882,39850,"9.84120819"
2883,5904,"2.20110746"
2884,12137,"8.9397176"
2885,6966,"139.45598097"
2886,27315,"4.37537754"
2887,49971,"0.91966812"
2888,728,"7.19571835"
2889,1319,"159.29220211"
2890,62,"4.95036459"
2891,46,"2.09532784"
2892,9991,"0.23473774"
2893,4083,"0.84297506"
2894,60423,"5.15434341"
2895,10006,"4.28984102"
2896,45841,"6.69919041"
2897,273,"10.19575102"
2898,33705,"3.62939062"
2899,10004,"5.34053868"
2900,727,"4.32577191"
2901,63610,"11.96418792"
2902,63616,"2.1585758"
2903,22115,"4.21948944"
2904,34744,"3.1015944"
2905,78656,"2.15934886"
2906,23473,"4.5802234"
2907,33748,"9.56413329"
2908,5879,"45.33236053"
2909,78655,"4.5351935"
2910,8265,"1.89420926"
2911,22125,"7.73386921"
2912,272,"7.51486223"
2913,4938,"4.55646044"
2914,48240,"7157.83657316"
2915,71375,"5.06854719"
2916,66862,"6.25395494"
2917,76154,"0.67512688"
2918,59,"10.37638452"
2919,6739,"83.63793601"
2920,28901,"6.29222705"
2921,64440,"5.28617835"
2922,51666,"5.32545638"
2923,22123,"2.39170937"
2924,51652,"4.73382656"
2925,54440,"19.92713972"
2926,49621,"2.84805567"
2927,68933,"1.12574995"
2928,59,"2.1815894"
2929,64300,"1.21791348"
2930,23124,"4.08237087"
2931,33690,"0.59954216"
2932,123,"8.50117692"
2933,5656,"1.67268508"
2934,12137,"8.9397176"
2935,114,"62.39256914"
2936,27315,"4.37537754"
2937,60697,"2.27291474"
2938,22128,"3.93333214"
2939,1319,"162.07372018"
2940,5882,"0.92757966"
2941,66,"6.32738067"
2942,60423,"5.15434341"
2943,65575,"7.55805785"
2944,45841,"6.69919041"
2945,273,"10.19575102"
2946,7300,"8.40223251"
2947,10004,"5.34053868"
2948,33707,"4.73688276"
2949,27527,"3.83206473"
2950,63616,"2.1585758"
2951,34744,"3.1015944"
2952,22115,"1.41457146"
2953,4021,"11.67852337"
2954,78656,"2.15934886"
2955,23472,"3.24095725"
2956,250,"5.41930233"
2957,72477,"9.12834407"
2958,22125,"7.73386921"
2959,727,"4.32577191"
2960,33748,"9.56413329"
2961,18282,"1.69212522"
2962,33744,"4.86116608"
2963,277,"8.57815393"
2964,48240,"7164.28209725"
2965,11991,"9.89261826"
2966,11991,"9.89261826"
2967,59,"10.37638452"
2968,76154,"0.67512688"
2969,6739,"63.88648396"
2970,28905,"0.68762035"
2971,11991,"9.89261826"
2972,58674,"4.01610532"
2973,59,"2.1815894"
2974,22121,"0.48300331"
2975,23124,"1.57266883"
2976,49621,"2.36816963"
2977,12525,"2.86943729"
2978,4938,"4.55646044"
2979,54440,"21.02995685"
2980,85,"2.47995242"
2981,5879,"31.63599763"
2982,64440,"0.617893"
2983,123,"8.50117692"
2984,33690,"4.96612599"
2985,12137,"8.9397176"
2986,6555,"1.52273051"
2987,27315,"4.37537754"
2988,9811,"2.22737669"
2989,21,"0.88599792"
2990,1319,"162.10735884"
2991,7302,"7.69467666"
2992,33717,"1.08611282"
2993,60423,"5.15434341"
2994,45843,"73.53273286"
2995,12525,"0.43062088"
2996,65575,"6.95813642"
2997,45841,"6.69919041"
2998,10004,"5.34053868"
2999,4049,"15.12840151"
3000,50573,"9.69024663"
3001,27527,"1.70166488"
3002,51167,"3.03170696"
3003,23,"7.90663063"
3004,63612,"0.1729219"
3005,272,"4.88800484"
3006,34744,"3.1015944"
3007,78656,"2.15934886"
3008,65258,"5.89644624"
3009,5888,"32.19540337"
3010,33748,"9.56413329"
3011,247,"4.82582187"
3012,76154,"0.67512688"
3013,72477,"20.33746265"
3014,22125,"7.73386921"
3015,33740,"4.59007373"
3016,18282,"21.67854535"
3017,65415,"26.31221204"
3018,48190,"7152.58371738"
3019,51858,"4.5259025"
3020,51858,"4.5259025"
3021,4938,"4.55646044"
3022,75764,"0.78525188"
3023,59,"6.66708553"
3024,51858,"4.5259025"
3025,6739,"8.096904"
3026,59,"2.1815894"
3027,19520,"1.36619325"
3028,66,"0.105789"
3029,11991,"11.46929319"
3030,66785,"1.08784896"
3031,23124,"1.57266883"
3032,54440,"21.02995685"
3033,45918,"1.98775073"
3034,84,"1.28054873"
3035,33690,"4.96612599"
3036,704,"6.48368354"
3037,121,"3.42740844"
3038,6556,"7.17660918"
3039,27523,"55.10905578"
3040,68594,"50.41204418"
3041,5891,"0.68092633"
3042,27315,"4.37537754"
3043,23166,"0.74035985"
3044,1319,"114.5475774"
3045,63616,"3.25696098"
3046,49826,"3.2675862"
3047,21,"0.99481045"
3048,33718,"0.72891161"
3049,60423,"5.15434341"
3050,65575,"6.95813642"
3051,45841,"6.69919041"
3052,85139,"1.81915677"
3053,33744,"0.34372522"
3054,10004,"5.34053868"
3055,50573,"1.12507704"
3056,76154,"0.00466524"
3057,34744,"3.1015944"
3058,46,"0.79948446"
3059,7302,"4.4941516"
3060,9994,"62.97487399"
3061,78656,"2.15934886"
3062,24270,"2.35572606"
3063,7196,"5.09388901"
3064,22125,"7.73386921"
3065,33748,"9.56413329"
3066,245,"3.3320139"
3067,76154,"11.25806988"
3068,18282,"14.04620042"
3069,4938,"4.55646044"
3070,48190,"7164.04446132"
3071,27527,"18.68307295"
3072,49826,"3.2675862"
3073,59,"6.66708553"
3074,45389,"2.02597319"
3075,704,"6.48368354"
3076,66785,"5.09939754"
3077,59,"0.41072423"
3078,332,"3.67849387"
3079,55154,"5.02104557"
3080,44,"2.32759397"
3081,49826,"7.67475981"
3082,45918,"1.52330613"
3083,51167,"4.89281882"
3084,23127,"0.94497038"
3085,54440,"21.02995685"
3086,13703,"0.3558183"
3087,84,"1.28054873"
3088,33690,"4.96612599"
3089,121,"0.07397513"
3090,27523,"3.27420783"
3091,27315,"4.10657339"
3092,2229,"0.21861106"
3093,5848,"0.10323613"
3094,23155,"1.76004977"
3095,80233,"30.58577615"
3096,4100,"2.24193776"
3097,49826,"0.49009879"
3098,33828,"7.1268988"
3099,1319,"245.841212"
3100,12189,"6.12573022"
3101,60423,"5.15434341"
3102,65570,"2.75148475"
3103,114,"39.57105075"
3104,10004,"5.34053868"
3105,11789,"0.29600222"
3106,86551,"1.0576788"
3107,33744,"9.68161062"
3108,48312,"2.06233737"
3109,55143,"3.69753376"
3110,34744,"3.1015944"
3111,22128,"0.65750148"
3112,6172,"3.89014837"
3113,78656,"2.15934886"
3114,60285,"2.35563148"
3115,7197,"0.8186042"
3116,27527,"56.59402601"
3117,71375,"5.16713857"
3118,237,"1.16468076"
3119,119,"3.46482534"
3120,77342,"5482.2139068"
3121,76154,"11.25806988"
3122,22125,"7.73386921"
3123,4938,"4.55646044"
3124,12520,"1.74520675"
3125,12525,"0.23169238"
3126,46,"6.00429251"
3127,66785,"3.86079229"
3128,59,"6.66708553"
3129,49826,"1.33807061"
3130,9456,"1.69324186"
3131,33761,"1.6722954"
3132,76162,"2.96655518"
3133,47911,"2.13401168"
3134,23110,"0.86444728"
3135,27527,"5.98874472"
3136,54440,"21.02995685"
3137,84,"3.92183896"
3138,9742,"92.8853063"
3139,121,"2.97445089"
3140,59,"0.28230155"
3141,33690,"4.96612599"
3142,5920,"5.04566824"
3143,66862,"13.7322111"
3144,3052,"30.92982529"
3145,23155,"1.76004977"
3146,27315,"6.42615915"
3147,85229,"5.53436221"
3148,1319,"287.06824908"
3149,5121,"0.89316371"
3150,12189,"2.689906"
3151,60423,"5.15434341"
3153,9948,"6.87534194"
3154,6964,"101.28022507"
3155,10004,"5.34053868"
3156,3104,"1.94255736"
3157,248,"0.68160227"
3158,27527,"9.73384153"
3159,33744,"11.41635193"
3160,55141,"0.31849752"
3161,48314,"5.99990012"
3162,34744,"3.1015944"
3163,23,"5.73074217"
3164,78656,"2.15934886"
3165,4054,"0.23410746"
3166,3905,"4.81774331"
3167,22125,"7.73386921"
3168,66861,"12.86342796"
3169,239,"5.33483087"
3170,27527,"56.59402601"
3171,76154,"11.25806988"
3172,77326,"5656.48337654"
3173,4938,"4.55646044"
3174,45384,"9.40670437"
3175,59,"6.54292122"
3176,59,"5.95203915"
3177,33729,"0.30491332"
3178,50571,"18.08826666"
3179,23482,"2.79193112"
3180,45,"7.48074327"
3181,78656,"0.41797939"
3182,69,"0.67925678"
3183,29,"3.25367991"
3184,42932,"24.35096838"
3185,23104,"3.40765939"
3186,84,"3.92183896"
3187,728,"4.40670792"
3188,70419,"2.72012265"
3189,5921,"3.32826575"
3190,33690,"11.73744462"
3191,76255,"0.83075611"
3192,33778,"0.14627463"
3193,55796,"0.65973787"
3194,27315,"6.42615915"
3195,85229,"2.51553161"
3196,2728,"303.94564875"
3197,65597,"28.417205"
3198,78656,"5.24466536"
3199,5113,"13.87683429"
3200,12188,"6.14547282"
3201,60423,"5.15434341"
3202,52335,"0.18366801"
3203,7132,"138.80368922"
3204,6675,"2.24249542"
3205,76255,"19.66470303"
3206,88818,"57.82371802"
3207,10004,"5.34053868"
3208,33744,"11.41635193"
3209,48314,"4.30349764"
3210,246,"7.36243261"
3211,46,"0.60765288"
3212,34744,"2.90432993"
3213,23,"1.32700193"
3214,336,"3.42192278"
3215,78656,"2.15934886"
3216,58350,"5.55412093"
3217,7194,"0.57882649"
3218,27523,"1.34496845"
3219,4054,"0.37451511"
3220,76154,"11.25806988"
3221,77326,"5470.92880832"
3222,3905,"7.53573791"
3223,27527,"56.59402601"
3224,4938,"4.55646044"
3225,239,"5.33483087"
3226,59,"0.08792132"
3227,33729,"12.95064402"
3228,22125,"7.73386921"
3229,7302,"5.93370004"
3230,50573,"12.27972133"
3231,39401,"5.21074533"
3232,78656,"0.13774328"
3233,54440,"34.5494074"
3234,69,"0.29831929"
3235,23104,"5.59947785"
3236,70418,"0.17903013"
3237,82,"3.82461155"
3238,13708,"0.60912859"
3239,50569,"1.32963098"
3240,7300,"8.20684995"
3241,3097,"3.90597346"
3242,27527,"1.6040353"
3243,33690,"62.2870997"
3244,65597,"28.417205"
3245,27315,"6.42615915"
3246,23112,"3.49488288"
3247,2728,"303.15886696"
3248,33714,"5.98157918"
3249,241,"12.0059512"
3250,250,"4.7905444"
3251,60423,"5.15434341"
3252,85229,"2.51553161"
3253,7745,"3.16423288"
3254,10004,"5.34053868"
3255,63877,"14.35707315"
3256,779,"0.33404979"
3257,9457,"11.24312639"
3258,9457,"11.24312639"
3259,9457,"11.24312639"
3260,46429,"1.30420425"
3261,2217,"54.71860962"
3262,341,"2.51768502"
3263,51858,"3.05650348"
3264,9457,"11.24312639"
3265,60028,"1.72873075"
3266,34744,"2.90432993"
3267,4054,"0.37451511"
3268,78656,"1.9521882"
3269,19229,"2.68677988"
3270,7218,"1.7155451"
3271,6672,"6.64838445"
3272,116,"4.62532319"
3273,65602,"6.47545244"
3274,3906,"6.01155075"
3275,82261,"4.8722202"
3276,48190,"6552.75006983"
3277,239,"5.33483087"
3278,76154,"11.25806988"
3279,80847,"7.58159012"
3280,23,"4.90261721"
3281,27523,"2.80156886"
3282,4938,"4.55646044"
3283,50045,"1.90708312"
3284,23,"2.65502257"
3285,64300,"1.02775655"
3286,50573,"10.09200232"
3287,54440,"27.29926949"
3288,23109,"4.99211039"
3289,247,"2.10899494"
3290,52455,"1.22580422"
3291,80,"1.91818617"
3292,13708,"0.71488714"
3293,33690,"35.15238147"
3294,340,"9.79126939"
3295,21,"4.14463138"
3296,27527,"1.11356802"
3297,3052,"33.68631767"
3298,3097,"1.68786267"
3299,27315,"6.42615915"
3300,23119,"3.09027305"
3301,59,"2.80190741"
3302,85229,"2.5297729"
3303,2728,"290.39162471"
3304,59,"0.79098435"
3305,59,"0.79098435"
3306,250,"4.7905444"
3307,12180,"8.9299014"
3308,59,"0.79098435"
3309,1182,"22.03807661"
3310,60423,"5.15434341"
3311,6673,"2.65114992"
3312,45838,"0.07749702"
3313,98,"2.72356592"
3314,63878,"5.56621436"
3315,82697,"0.24992813"
3316,10004,"5.34053868"
3317,5081,"10.44821567"
3318,340,"8.37042693"
3319,55152,"3.25064331"
3320,9457,"11.24312639"
3321,33828,"5.20218546"
3322,78656,"2.64923055"
3323,34744,"2.90432993"
3324,276,"14.58852537"
3325,19218,"2.63775164"
3326,27315,"78.65499855"
3327,239,"5.33483087"
3328,76154,"11.25806988"
3329,82261,"4.8722202"
3330,116,"6.90265803"
3331,57896,"2.74649538"
3332,4938,"4.55646044"
3333,48190,"6253.94196007"
3334,4083,"3.49274474"
3335,116,"6.21227704"
3336,7302,"2.15509577"
3337,50573,"0.2050768"
3338,60028,"0.34500482"
3339,5879,"34.50261984"
3340,52455,"2.0949541"
3341,50945,"4.96254491"
3342,77,"0.94982947"
3343,54440,"24.13735468"
3344,13708,"0.45085224"
3345,245,"8.07821383"
3346,50045,"1.90708312"
3347,12137,"3.92823486"
3348,59,"1.1775722"
3349,59,"1.1775722"
3350,12176,"11.26726746"
3351,3097,"0.81694805"
3352,63875,"0.74617497"
3353,59,"1.1775722"
3354,27315,"6.42615915"
3355,568,"0.25247889"
3356,2728,"290.39162471"
3357,3576,"4.4513027"
3358,250,"5.92708584"
3359,55160,"3.41276877"
3360,60423,"5.15434341"
3361,117,"3.35177864"
3363,54349,"10.12234003"
3364,69674,"0.90154883"
3365,6670,"3.07901769"
3366,10004,"5.34053868"
3367,82697,"0.22769249"
3368,340,"7.35379862"
3369,43,"0.31153674"
3370,34744,"2.90432993"
3371,279,"8.41472279"
3372,116,"15.84975419"
3373,473,"4.13173188"
3374,33828,"5.20218546"
3375,47911,"0.71015478"
3376,5081,"1.41800783"
3377,9186,"7.16875148"
3378,4358,"1.87125066"
3379,33762,"3.65530034"
3380,13704,"84.41013453"
3381,82261,"4.8722202"
3382,76154,"11.25806988"
3383,239,"5.33483087"
3384,48190,"5958.87249372"
3385,9457,"17.85402414"
3386,22128,"7.1869111"
3387,116,"5.54070835"
3388,78655,"8.24205266"
3389,237,"1.35125495"
3390,25,"7.3277418"
3391,54440,"16.70497636"
3392,52455,"0.33885761"
3393,33828,"1.70935055"
3394,65401,"1.62559249"
3395,73,"10.8951898"
3396,50574,"19.44102443"
3397,4938,"4.55646044"
3398,34,"14.76956359"
3399,13708,"0.45085224"
3400,63875,"0.74617497"
3401,84750,"4.45964552"
3402,104,"3.81372939"
3403,59,"0.79069847"
3404,27315,"6.42615915"
3405,2728,"290.39162471"
3406,568,"0.25247889"
3407,3569,"2.13768366"
3408,55160,"2.80363237"
3409,121,"2.2001043"
3410,472,"3.33762741"
3411,6670,"0.14434146"
3412,45846,"33.0118233"
5270,28412,"1.38193103"
3413,60423,"5.15434341"
3414,98,"2.72356592"
3415,119,"6.56041599"
3416,10004,"5.34053868"
3417,50045,"1.90708312"
3418,82697,"0.49916434"
3419,5081,"1.41800783"
3420,65,"1.096498"
3421,9457,"12.98800856"
3422,47911,"0.71015478"
3423,33828,"5.20218546"
3424,10006,"7.26950669"
3425,245,"2.56892604"
3426,9193,"1.81585888"
3427,115,"3.76220652"
3428,4091,"0.04361611"
3429,76154,"11.25806988"
3430,4355,"0.41577825"
3431,34744,"2.90432993"
3432,82261,"4.8722202"
3433,48190,"5663.02830908"
3434,82697,"0.49916434"
3435,239,"5.33483087"
3436,4938,"4.55646044"
3437,116,"5.54070835"
3438,4161,"0.56181743"
3439,13704,"28.15314723"
3440,247,"6.48656361"
3441,33828,"1.70935055"
3442,63870,"1.92852226"
3443,13712,"6.90491835"
3444,52455,"4.2695096"
3445,54440,"16.70497636"
3446,13708,"1.03619712"
3447,63571,"3.51852843"
3448,33707,"2.82939164"
3449,34,"4.28341871"
3450,69170,"0.36900269"
3451,66575,"0.81404281"
3452,257,"4.84188422"
3453,340,"7.35379862"
3454,50045,"1.90708312"
3455,47915,"3.84464717"
3456,27315,"6.42615915"
3457,568,"0.25247889"
3458,84750,"4.45964552"
3460,13704,"28.15314723"
3461,59,"3.75889942"
3462,2728,"254.72927443"
3463,19517,"10.87915263"
3464,22124,"0.72645155"
3465,13704,"28.15314723"
3466,493,"0.61147281"
3467,6670,"0.14434146"
3468,60423,"5.15434341"
3469,65770,"0.93264117"
3470,10004,"5.34053868"
3471,98,"2.16821848"
3472,340,"7.35379862"
3473,82697,"0.49916434"
3474,27523,"1.50683813"
3475,60423,"1.3348089"
3476,5081,"1.41800783"
3477,9457,"3.92108957"
3478,10006,"7.42961747"
3479,34744,"2.90432993"
3480,45839,"3.2925836"
3481,33828,"5.20218546"
3482,64483,"1.34492916"
3483,39389,"3.04312471"
3484,39389,"3.04312471"
3485,39406,"1.7556229"
3486,239,"4.01012429"
3487,76154,"11.25806988"
3488,4356,"17.51878605"
3489,4938,"4.55646044"
3490,39389,"3.04312471"
3491,48190,"5359.21655193"
3492,33729,"1.83838728"
3493,46,"4.32961904"
3494,33828,"1.49604688"
3495,13703,"63.78401385"
3496,246,"1.55469939"
3497,4166,"0.97989498"
3498,52455,"7.48802757"
3499,54440,"16.70497636"
3500,13703,"4.82931958"
3501,88818,"15.02160581"
3502,63614,"0.69647879"
3503,82261,"4.8722202"
3504,78757,"0.86704965"
3505,66575,"0.81404281"
3506,84750,"4.10086013"
3507,567,"0.63526754"
3508,27315,"6.42615915"
3509,47916,"2.38041717"
3510,59,"2.54890162"
3511,34744,"6.24603306"
3512,115,"23.99210154"
3513,115,"23.99210154"
3514,578,"3.08832484"
3515,115,"23.99210154"
3516,2768,"1.24234879"
3517,930,"1.56481655"
3518,2728,"96.98886256"
3519,51165,"7.34150593"
3520,22124,"0.72645155"
3521,13704,"28.15314723"
3522,60423,"5.15434341"
3523,45847,"1.61139103"
3524,6665,"3.11767539"
3525,65602,"8.8388807"
3526,99,"0.5149065"
3527,10004,"5.34053868"
3528,116,"2.38378648"
3529,82697,"0.49916434"
3530,48,"6.49314769"
3531,5081,"1.41800783"
3532,340,"7.35379862"
3533,34744,"6.24603306"
3534,34744,"2.90432993"
3535,21,"4.44856977"
3536,9457,"6.19316752"
3537,10004,"3.82763065"
3538,237,"6.08169335"
3539,4161,"3.35885321"
3540,82261,"4.8722202"
3541,76154,"11.25806988"
3542,4356,"24.28974502"
3543,64850,"1.16579025"
3544,39836,"3.02215903"
3545,48190,"5063.95965363"
3546,4938,"4.55646044"
3547,66862,"8.98916374"
3548,243,"4.18338074"
3549,21,"0.33131466"
3550,13703,"59.37570392"
3551,4166,"4.1311188"
3552,52455,"2.4791894"
3553,54440,"5.35460529"
3554,2765,"0.67617877"
3555,4126,"7.02500579"
3556,60423,"1.05282446"
3557,88901,"14.3635492"
3558,78757,"1.715351"
3559,63610,"10.31242915"
3560,578,"5.87672377"
3561,65602,"10.82930148"
3562,604,"3.30655791"
3563,2768,"3.34550739"
3564,27315,"6.42615915"
3565,47902,"0.20596984"
3566,5891,"1.01771212"
3567,59,"6.83377297"
3568,2734,"0.85063939"
3569,317,"0.91010105"
3570,45846,"5.20074985"
3571,13704,"28.15314723"
3572,60423,"1.42133343"
3573,13993,"2.38242503"
3574,917,"0.78978587"
3575,250,"2.516033"
3576,22118,"0.32521403"
3577,10004,"5.34053868"
3578,82697,"0.49916434"
3579,340,"5.12659014"
3580,34744,"6.24603306"
3581,99,"0.85193593"
3582,45387,"1.13939719"
3583,116,"5.03705353"
3584,281,"7.89156275"
3585,236,"0.44907192"
3586,64850,"2.36104227"
3587,4113,"4.12457178"
3588,4166,"0.24135746"
3589,5081,"2.63077989"
3590,34744,"2.90432993"
3591,76154,"12.04672973"
3592,5121,"2.42148087"
3593,47,"1.58229045"
3594,48190,"4776.55786778"
3595,4938,"4.55646044"
3596,4357,"16.28628867"
3597,63877,"9.26793737"
3598,237,"3.80996192"
3599,202,"10.74587783"
3600,2229,"1.67571161"
3601,13703,"59.37570392"
3602,6979,"12.03250073"
3603,54440,"1.56466947"
3604,52455,"1.66146371"
3605,2858,"0.0655963"
3606,88900,"5.79366567"
3607,9994,"62.52173284"
3608,19520,"11.21438253"
3609,578,"7.39448969"
3610,65602,"10.82930148"
3611,618,"5.81731788"
3612,50548,"2.84701622"
3613,27315,"6.42615915"
3614,59,"13.6461458"
3615,4012,"1.59726558"
3616,497,"3.69403969"
3617,2732,"2.07931582"
3618,46,"2.72828121"
3619,1077,"4.48127758"
3620,54348,"8.05080559"
3621,45838,"7.98006009"
3622,315,"5.27002633"
3623,34744,"2.62593874"
3624,13967,"0.56183675"
3625,56054,"9.95603964"
3626,99,"0.85193593"
3627,248,"2.04805358"
3628,10004,"5.34053868"
3629,340,"5.12659014"
3630,82697,"0.49916434"
3631,5081,"1.85777174"
3632,34744,"6.24603306"
3633,9456,"1.53615392"
3634,34744,"2.90432993"
3635,33707,"1.81773029"
3636,5113,"9.25867677"
3637,4105,"2.58833604"
3638,64481,"0.90390234"
3639,6979,"1.91738551"
3640,46,"3.46855276"
3641,4357,"8.36250978"
3642,284,"2.42155935"
3643,33744,"2.35123477"
3644,46456,"4422.53258244"
3645,4938,"3.35469943"
3646,203,"26.0772017"
3647,116,"12.95793157"
3648,2229,"1.76599373"
3649,27527,"8.68474448"
3650,13703,"39.7344989"
3651,52455,"0.82627153"
3652,2984,"4.61539827"
3653,6975,"5.85078534"
3654,54440,"5.96106122"
3655,54347,"43.35472533"
3656,88900,"5.79366567"
3657,484,"6.75388356"
3658,499,"2.25451069"
3659,11597,"1.96480349"
3660,11597,"1.96480349"
3661,65602,"10.82930148"
3662,27315,"6.42615915"
3663,4010,"0.67930398"
3664,64356,"2.58709588"
3665,59,"16.61875957"
3666,11597,"1.96480349"
3667,74,"3.86533786"
3668,50547,"4.68352986"
3669,2732,"4.87099253"
3670,239,"0.19013084"
3671,59,"8.50308125"
3672,316,"6.73272219"
3674,472,"1.38000595"
3675,13977,"1.36179027"
3676,34744,"2.09949361"
3677,99,"7.10947431"
3678,10004,"5.34053868"
3679,82697,"0.49916434"
3680,340,"5.12659014"
3681,34744,"6.24603306"
3682,9454,"4.56432708"
3683,34744,"2.90432993"
3684,33761,"2.124292"
3685,51666,"3.17379948"
3686,49966,"2.09775852"
3687,4102,"3.69045548"
3688,1183,"82.75938092"
3689,4357,"4.74720639"
3690,6974,"3.68584262"
3691,46456,"4136.97459017"
3692,63609,"3.15950684"
3693,34742,"1.81500785"
3694,6175,"3.10642898"
3695,12523,"7.8841009"
3696,85229,"1.19430507"
3697,116,"12.95793157"
3698,59699,"6.12572255"
3699,52455,"4.11505706"
3700,4938,"4.9084489"
3701,54440,"5.94023234"
3702,13703,"39.7344989"
3703,2957,"6.17113125"
3704,54347,"40.98675602"
3705,88900,"5.79366567"
3706,484,"6.75388356"
3707,203,"23.78936481"
3708,994,"0.61232865"
3709,255,"0.0307147"
3710,64356,"2.49821685"
3711,65602,"10.82930148"
3712,721,"1.05933624"
3713,27315,"6.42615915"
3714,12273,"2.52858387"
3715,2779,"1.01321219"
3716,59,"20.55910593"
3717,2732,"4.87099253"
3718,4161,"3.81723457"
3719,78400,"1.13793263"
3720,33709,"0.47497321"
3721,34744,"0.10125399"
3722,71657,"2.12350626"
3723,19517,"10.27346024"
3724,54348,"8.05080559"
3725,121,"2.2001043"
3726,82697,"5.2633689"
3727,10004,"5.34053868"
3728,34742,"2.22102903"
3729,340,"5.12659014"
3730,34744,"6.24603306"
3731,75764,"8.08668206"
3732,99,"7.10947431"
3733,1182,"15.63801339"
3734,8388,"1.02656954"
3735,65,"8.38637256"
3736,4102,"5.25502357"
3737,34744,"2.90432993"
3738,9195,"1.9929241"
3739,4357,"4.74720639"
3740,6175,"5.77067563"
3741,66,"5.84174368"
3742,6971,"0.96663767"
3743,4938,"5.1620107"
3744,203,"24.09964512"
3745,12523,"5.84079635"
3746,116,"12.95793157"
3747,85229,"1.19430507"
3748,13703,"40.79449775"
3749,2806,"8.38806189"
3750,50489,"3.61532204"
3751,54440,"9.52922578"
3752,46456,"3868.84929998"
3753,118,"0.79063968"
3754,484,"8.54483353"
3755,88900,"5.79366567"
3756,59699,"3.41307755"
3757,64943,"0.15935507"
3758,88811,"48.79514156"
3759,65602,"10.82930148"
3760,64356,"2.09045899"
3761,27315,"6.42615915"
3762,2774,"1.46393318"
3763,59,"20.55910593"
3764,13562,"1.68928412"
3765,4016,"2.17846935"
3766,2732,"4.87099253"
3767,78400,"0.77647257"
3768,82702,"5.27664599"
3769,54348,"3.68222795"
3770,4164,"8.88322761"
3771,51165,"5.63396748"
3772,6658,"0.33443071"
3773,34744,"5.7227073"
3774,99,"7.10947431"
3775,340,"5.12659014"
3776,237,"9.29203605"
3777,10004,"5.34053868"
3778,3576,"9.25666428"
3779,28903,"1.30941702"
3780,34744,"6.24603306"
3781,34744,"2.90432993"
3782,8388,"2.31515486"
3783,64,"4.59000378"
3784,60697,"1.97380503"
3785,4102,"5.25502357"
3786,4357,"8.41994893"
3787,4048,"3.10755215"
3788,6972,"3.00845223"
3789,60423,"2.14859908"
3790,60423,"2.14859908"
3791,46456,"3692.93793484"
3792,60423,"2.14859908"
3793,27523,"1.04400496"
3794,203,"25.56822364"
3795,88,"5.58672231"
3796,6996,"2.71725452"
3797,85229,"1.19430507"
3798,50489,"3.95779577"
3799,54440,"9.71444226"
3800,13703,"51.43256455"
3801,2805,"2.2208373"
3802,65394,"3.04549567"
3803,66861,"3.39860419"
3804,19520,"5.62365724"
3805,64943,"0.46351008"
3806,34742,"1.28541396"
3807,259,"5.69208476"
3808,656,"2.73213499"
3809,65602,"10.82930148"
3810,59,"20.63758474"
3811,34743,"1.64006933"
3812,27315,"6.42615915"
3813,9861,"0.43799292"
3814,2737,"2.39070869"
3815,55165,"3.54051084"
3816,78400,"2.51978988"
3817,34744,"4.82612378"
3818,4017,"6.67184002"
3819,6654,"1.58217069"
3820,51165,"5.63396748"
3821,54348,"3.68222795"
3822,99,"7.10947431"
3823,10004,"5.34053868"
3824,237,"9.29203605"
3825,2818,"0.91249844"
3826,340,"5.12659014"
3827,34744,"6.24603306"
3828,80847,"3.28062907"
3829,3569,"1.40754089"
3830,4090,"5.42454624"
3831,63611,"1.38246761"
3832,28903,"1.30941702"
3833,23180,"0.10509715"
3834,4357,"11.31478763"
3835,46456,"3611.43871382"
3836,34744,"2.90432993"
3837,34743,"3.68850003"
3838,76018,"0.64580686"
3839,4102,"5.25502357"
3840,88,"5.58672231"
3841,66862,"0.41363158"
3842,3096,"0.78710587"
3843,85229,"4.09076592"
3844,13703,"51.22219628"
3845,50489,"3.95779577"
3846,65394,"8.93791657"
3847,2869,"2.29090435"
3848,54440,"3.94943018"
3849,49826,"5.82794683"
3850,116,"1.73643158"
3851,34745,"0.40316528"
3852,998,"0.33549434"
3853,203,"25.55838557"
3854,51667,"0.00971717"
3855,3107,"1.60789731"
3856,65602,"10.82930148"
3857,63521,"3.16705809"
3858,9861,"0.98262603"
3859,27315,"6.56834776"
3860,59,"20.8012457"
3861,723,"2.34850781"
3862,7129,"4.40303"
3863,6975,"0.87831838"
3864,6975,"0.87831838"
3865,34746,"0.13705089"
3866,7699,"3.59979689"
3867,317,"5.10639965"
3868,55165,"3.98496655"
3869,54348,"3.68222795"
3870,2737,"1.95688508"
3871,6975,"0.87831838"
3872,34744,"4.82608371"
3873,10004,"5.34053868"
3874,48298,"1.93136517"
3875,2791,"2.9838212"
3876,99,"7.95462449"
3877,237,"9.29203605"
3878,340,"5.12659014"
3879,34744,"6.24603306"
3880,28903,"1.30941702"
3881,4090,"4.79224994"
3882,3569,"8.69189353"
3883,63609,"2.67333435"
3884,23180,"0.12494648"
3885,34744,"2.90432993"
3886,51668,"11.48832839"
3887,49826,"1.50158911"
3888,4102,"5.25502357"
3889,4357,"10.53813242"
3890,11789,"5.13420076"
3891,46456,"3692.25278969"
3892,34744,"4.38616684"
3893,203,"25.566979"
3894,13703,"46.86462005"
3895,27527,"7.17892737"
3896,85229,"4.09076592"
3897,6412,"0.86180561"
3898,88,"4.20015239"
3899,2869,"1.83960424"
3900,54440,"0.61980163"
3901,116,"12.41340697"
3902,50489,"3.95779577"
3903,65394,"9.10204834"
3904,49826,"10.23679735"
3905,1009,"7.30328979"
3906,3107,"2.22556021"
3907,65602,"10.82930148"
3908,59,"21.56127595"
3909,27315,"6.56834776"
3910,723,"2.34850781"
3911,8987,"2.72841395"
3912,2792,"5.68503213"
3914,63521,"3.16705809"
3915,43,"1.97566263"
3916,54348,"3.68222795"
3917,34744,"4.82608371"
3918,6974,"8.02845211"
3919,318,"8.68346178"
3920,44662,"0.50432682"
3921,99,"8.4512549"
3922,10004,"5.34053868"
3923,3990,"5.15225276"
3924,237,"9.29203605"
3925,340,"5.12659014"
3926,930,"2.53388512"
3927,34744,"6.24603306"
3928,4090,"5.90578872"
3929,63609,"2.67333435"
3930,4023,"3.34168308"
3931,28901,"1.98842044"
3932,6731,"6.9923394"
3933,23180,"0.12494648"
3934,49826,"7.93204371"
3935,4357,"9.2333442"
3936,4102,"5.25502357"
3937,34744,"2.90432993"
3938,88811,"39.51080121"
3939,46456,"3762.47222274"
3940,34744,"4.38616684"
3941,88,"4.20015239"
3942,13703,"49.87512584"
3943,27527,"24.96016433"
3944,85229,"7.48801056"
3945,59700,"1.89757927"
3946,2869,"1.76043148"
3947,54440,"0.61980163"
3948,65394,"9.10204834"
3949,50486,"2.76382946"
3950,64246,"12.0765894"
3951,203,"25.54984918"
3952,4938,"6.80966761"
3953,78656,"10.59213098"
3954,65602,"10.82930148"
3955,6587,"1.74059508"
3956,6587,"1.74059508"
3957,63521,"1.58824681"
3958,77418,"1.66459746"
3959,59,"26.47028245"
3960,27315,"6.56834776"
3961,69901,"2.63509186"
3962,89178,"1.3812061"
3963,1009,"7.30328979"
3964,6587,"1.74059508"
3965,79293,"4.45893173"
3966,55152,"0.52391428"
3967,3986,"2.53349585"
3968,13706,"13.49707864"
3969,34744,"4.82608371"
3970,59632,"2.21259521"
3971,475,"5.21554863"
3972,6971,"2.88607485"
3973,5936,"0.41494405"
3974,10004,"5.34053868"
3975,237,"9.29203605"
3976,4023,"4.19293403"
3977,340,"5.12659014"
3978,34744,"6.24603306"
3979,28901,"1.95897197"
3980,4090,"8.34192198"
3981,46,"5.75165983"
3982,34744,"2.90432993"
3983,78656,"7.80243341"
3984,917,"4.15451142"
3985,4357,"4.52162731"
3986,24307,"9.53329814"
3987,4102,"5.25502357"
3988,75996,"11.08221375"
3989,3107,"1.17297797"
3990,46456,"3824.5863076"
3991,34744,"4.38616684"
3992,85,"3.47482896"
3993,13703,"47.69772182"
3994,6403,"4.84574406"
3995,85229,"2.72003469"
3996,27527,"22.52223756"
3997,203,"25.53184303"
3998,2872,"2.60101209"
3999,65394,"10.74878687"
4000,54440,"0.61980163"
4001,116,"5.01671169"
4002,50490,"5.1604004"
4003,246,"3.88000627"
4004,723,"2.34850781"
4005,723,"2.34850781"
4006,1009,"7.30328979"
4007,11771,"4.43854259"
4008,723,"2.34850781"
4009,723,"2.34850781"
4010,3042,"0.6680136"
4011,65602,"10.82930148"
4012,59,"30.91363715"
4013,723,"2.34850781"
4014,27315,"6.56834776"
4015,2944,"2.12587461"
4016,8982,"6.90561568"
4017,669,"5.5081944"
4018,3825,"1.58384831"
4019,3986,"5.49629312"
4020,33736,"14.01142113"
4021,46,"3.85728218"
4022,482,"2.46659691"
4023,77547,"2.09411785"
4024,34744,"5.63174445"
4025,6971,"2.55498572"
4026,10004,"5.34053868"
4027,237,"9.29203605"
4028,254,"3.02696598"
4029,340,"5.12659014"
4030,85846,"6.02741838"
4031,22811,"0.64898182"
4032,34744,"2.90432993"
4033,917,"3.15216221"
4034,34744,"6.24603306"
4035,45,"3.45408742"
4036,24302,"2.44447319"
4037,22058,"10.29188946"
4038,4090,"8.783915"
4039,75996,"13.42441107"
4040,247,"4.54225085"
4041,4357,"3.59047592"
4042,48261,"0.64060682"
4043,77326,"2910.48998126"
4044,45,"3.45408742"
4045,85,"0.12922253"
4046,201,"14.98635443"
4047,28376,"5.19995987"
4048,63875,"0.5667358"
4049,13703,"5.70837116"
4050,6402,"3.27246862"
4051,54440,"0.61980163"
4052,50490,"4.16678222"
4053,550,"0.02313412"
4054,65394,"73.93957052"
4055,62,"6.20588044"
4056,245,"0.90978199"
4057,1009,"7.01308378"
4058,34744,"4.38616684"
4059,6812,"5.35242383"
4060,65602,"10.82930148"
4061,548,"3.78913641"
4062,59,"33.68445326"
4063,2944,"2.12587461"
4064,723,"2.34850781"
4065,27315,"6.56834776"
4066,235,"8.36380752"
4067,6229,"4.21690457"
4068,57019,"3.3790115"
4069,3112,"3.10859015"
4070,45,"4.4165477"
4071,3986,"3.29133576"
4072,73257,"3.31169229"
4073,60423,"4.78937167"
4074,33736,"16.32024048"
4075,68598,"1.41694651"
4076,116,"3.31082503"
4077,10004,"5.34053868"
4078,316,"2.99191581"
4079,237,"13.67668313"
4080,340,"5.12659014"
4081,78400,"5.29448965"
4082,34744,"2.90432993"
4083,34744,"6.24603306"
4084,4090,"8.783915"
4085,79091,"4.71033229"
4086,45,"3.45408742"
4087,22058,"3.08635554"
4088,24302,"0.17581559"
4089,92,"1.20805289"
4090,4357,"3.64241128"
4091,77326,"2723.75270573"
4092,582,"3.69872877"
4093,919,"1.51061947"
4094,13700,"2.02306082"
4095,202,"9.67589585"
4096,13703,"76.55566646"
4097,84,"0.35959605"
4098,6402,"11.03707954"
4099,85846,"123.44399919"
4100,62,"4.75726184"
4101,550,"0.02013566"
4102,245,"3.54409457"
4103,33707,"4.62098714"
4104,50490,"4.69757473"
4105,4005,"2.18491656"
4106,76333,"9.4167728"
4107,1009,"2.9422314"
4108,237,"6.55645053"
4109,13658,"1.73298155"
4110,65602,"10.82930148"
4111,2750,"7.83234157"
4112,59,"42.19421156"
4113,715,"2.90337123"
4114,2944,"2.12587461"
4115,27315,"6.56834776"
4116,6228,"1.16350078"
4117,2253,"1.32213083"
4118,3112,"0.51713789"
4119,3986,"3.29133576"
4120,54347,"5.90168951"
4121,45,"2.6204573"
4122,34744,"3.1488514"
4123,78400,"2.19397466"
4124,51668,"2.41796899"
4125,13907,"5.55664566"
4126,51666,"3.57804422"
4127,68598,"1.41694651"
4128,10004,"5.34053868"
4129,237,"13.67668313"
4130,340,"4.79858722"
4131,34744,"6.24603306"
4132,919,"0.74702989"
4133,4090,"8.783915"
4134,34744,"2.90432993"
4135,45,"3.45408742"
4136,4060,"2.71088808"
4137,78400,"5.49819666"
4138,582,"2.45708262"
4139,239,"5.08364243"
4140,77326,"2509.18782984"
4141,4357,"3.74965385"
4142,24302,"0.17581559"
4143,28997,"0.44724453"
4144,82,"4.40234389"
4145,6402,"11.03707954"
6026,11771,"7.40746467"
4146,4005,"1.51789369"
4147,13718,"27.85514091"
4148,202,"7.58138365"
4149,50573,"3.18091009"
4150,85846,"80.76464345"
4151,550,"0.24016284"
4152,62,"8.89606281"
4153,13700,"2.32455928"
4154,51666,"3.02306015"
4155,4161,"3.01714818"
4156,1044,"1.75302257"
4157,50490,"4.40198893"
4158,65602,"10.82930148"
4159,7801,"5.06030336"
4160,27315,"6.56834776"
4161,76333,"0.38907556"
4162,2941,"5.98766886"
4163,47902,"4.19041991"
4164,59,"45.7875169"
4165,10454,"15.22520077"
4166,1326,"6.08639855"
4167,53,"1.44168769"
4168,3986,"3.29133576"
4169,54347,"5.90168951"
4170,51763,"7.16721862"
4171,51763,"7.16721862"
4172,34744,"2.59546084"
4173,13907,"7.85710905"
4174,6582,"10.12126363"
4175,6729,"8.12744147"
4176,253,"2.61536057"
4177,51763,"7.16721862"
4178,68598,"1.41694651"
4179,10004,"5.34053868"
4180,237,"13.67668313"
4181,6956,"0.64749481"
4182,78400,"0.66581325"
4183,340,"4.79858722"
4184,34744,"6.24603306"
4185,919,"0.74702989"
4186,4317,"0.33578795"
4187,34744,"2.90432993"
4188,4090,"8.49232351"
4189,53,"1.33737695"
4190,24302,"0.17581559"
4191,4060,"3.29695992"
4192,4161,"4.655149"
4193,4357,"2.9386489"
4194,65394,"1.98953449"
4195,77326,"2450.45027757"
4196,82,"4.61731479"
4197,7127,"11.17094958"
4198,13718,"8.72499231"
4199,13700,"2.32455928"
4200,48314,"5.63174922"
4201,6402,"1.37375964"
4202,50490,"4.23099587"
4203,43,"11.69225162"
4204,51682,"4.01986487"
4205,34744,"0.65998678"
4206,51666,"3.25356746"
4207,85846,"80.76464345"
4208,60030,"0.12834042"
4209,86551,"2.83932289"
4210,65602,"10.82930148"
4211,3209,"0.60563805"
4212,59,"45.48668522"
4213,27315,"7.35639802"
4214,4166,"2.65686848"
4215,2894,"0.0003734"
4216,47902,"4.19041991"
4217,10454,"15.0035898"
4218,39843,"4.73609535"
4219,1324,"6.9043675"
4220,11839,"5.88366486"
4221,3986,"3.29133576"
4222,53,"1.44168769"
4223,54347,"5.90168951"
4224,34744,"1.17467405"
4225,28424,"6.05263955"
4226,6731,"2.53255445"
4227,13907,"7.85710905"
4228,68598,"1.41694651"
4229,76017,"1.02583606"
4230,10004,"5.34053868"
4231,237,"13.67668313"
4232,123,"6.43032211"
4233,34744,"6.24603306"
4234,34744,"0.65674996"
4235,4090,"6.08631581"
4236,53,"1.33737695"
4237,340,"4.79858722"
4238,39851,"6.61981493"
4239,4317,"7.51258552"
4240,24302,"3.44640696"
4241,919,"0.74702989"
4242,4166,"2.04464396"
4243,51711,"90.25418817"
4244,4357,"1.57955092"
4245,77326,"2628.35131109"
4246,28424,"6.05263955"
4247,76,"2.47840303"
4248,48314,"4.32265993"
4249,250,"1.4332722"
4250,73251,"5.33350212"
4251,13716,"5.5924362"
4252,6402,"0.70550684"
4253,48314,"4.32265993"
4254,85846,"80.76464345"
4255,44,"1.2716783"
4256,9841,"3.28969231"
4257,43508,"3.9519663"
4258,6975,"5.94248296"
4259,60423,"1.63338528"
4260,7127,"9.89209995"
4261,39411,"6.83759163"
4262,50045,"2.37644624"
4263,65602,"10.82930148"
4264,3209,"0.60563805"
4265,27315,"7.35639802"
4266,59,"33.6744646"
4267,78808,"4.40190878"
4268,10453,"2.98397775"
4269,3829,"5.33137811"
4270,6132,"1.42075419"
4271,53,"1.44168769"
4272,54347,"5.90168951"
4273,34744,"1.23271558"
4274,28424,"6.05263955"
4275,13907,"7.85710905"
4276,3986,"3.29133576"
4277,10004,"5.34053868"
4278,75996,"14.60398252"
4279,68598,"1.41694651"
4280,85139,"0.40058832"
4281,237,"13.67668313"
4282,121,"0.67458132"
4283,340,"4.79858722"
4284,34744,"6.24603306"
4285,57336,"4.94088901"
4286,937,"3.04908588"
4287,51666,"1.47476101"
4288,4090,"6.94809413"
4289,53,"1.33737695"
4290,24298,"9.83623347"
4291,276,"8.21978363"
4292,6979,"3.70336538"
4293,4357,"0.01622248"
4294,85846,"99.9117192"
4295,77326,"2708.72574293"
4296,247,"5.2158738"
4297,78,"3.30961659"
4298,7127,"2.9489911"
4299,10007,"0.84295845"
4300,6407,"4.70144674"
4301,51858,"3.46204937"
4302,68,"0.18039911"
4303,85846,"80.76464345"
4304,6973,"1.4186046"
4305,7478,"1.62085589"
4306,10011,"2.87062658"
4307,50045,"2.37644624"
4308,2938,"11.678908"
4309,59,"32.04251329"
4310,27315,"7.35639802"
4311,4007,"1.28433945"
4312,6887,"6.91570766"
4313,65602,"10.82930148"
4314,164,"3.58386774"
4315,1321,"5.06773647"
4316,42488,"0.15860035"
4317,13337,"0.29924063"
4318,3986,"6.25603929"
4319,3209,"1.10398141"
4320,22128,"2.13438162"
4321,54347,"5.90168951"
4322,28424,"6.05263955"
4323,34744,"4.76905743"
4324,13907,"9.69149212"
4325,75996,"1.14337759"
4326,68598,"1.41694651"
4327,10004,"5.34053868"
4328,237,"13.67668313"
4329,48314,"4.72498335"
4330,340,"4.79858722"
4331,84945,"2.22513761"
4332,64345,"8.40824082"
4333,73025,"1.22629993"
4334,34744,"6.24603306"
4335,48314,"4.72498335"
4336,48314,"4.72498335"
4337,3101,"5.68538699"
4338,4090,"6.94809413"
4339,53,"1.33737695"
4340,273,"9.26886889"
4341,24299,"0.2077965"
4342,6974,"6.06093994"
4343,4357,"0.02033228"
4344,85846,"92.29338632"
4345,77326,"2865.4413414"
4346,48314,"4.72498335"
4347,42488,"5.31140623"
4348,42488,"5.31140623"
4349,78,"1.57664235"
4350,245,"4.1259866"
4351,13727,"3.08746614"
4352,7478,"0.84447951"
4353,84,"5.13283175"
4354,9840,"2.03782219"
4355,51858,"3.46204937"
4356,46,"3.02397184"
4357,42488,"5.31140623"
4358,85846,"80.76464345"
4359,6972,"6.96669276"
4360,13724,"3.9140604"
4361,50045,"2.37644624"
4362,65602,"10.82930148"
4363,3209,"1.10398141"
4364,121,"3.63610628"
4365,59,"32.04251329"
4366,27315,"7.35639802"
4367,13336,"4.63252608"
4368,29,"1.46286287"
4369,89180,"4.22476346"
4370,85588,"3.26212769"
4371,3986,"2.64071067"
4372,7127,"1.48593589"
4373,60423,"5.53282115"
4374,28424,"6.05263955"
4375,13907,"0.92329884"
4376,68598,"1.41694651"
4377,3101,"40.97286371"
4378,76333,"16.19530002"
4379,10004,"5.34053868"
4380,237,"12.03373304"
4381,121,"0.66149922"
4382,54347,"5.90168951"
4383,340,"4.79858722"
4384,34744,"6.24603306"
4385,1102,"11.29510307"
4386,4090,"3.87297332"
4387,53,"1.33737695"
6255,11781,"5.00232895"
4388,24331,"2.44503874"
4389,64345,"2.72366326"
4390,6179,"7.77194732"
4391,4357,"0.15814266"
4392,94,"1.14581241"
4393,85846,"92.29338632"
4394,77326,"3026.43003459"
4395,50573,"7.02829634"
4396,48314,"4.72498335"
4397,237,"3.79020887"
4398,13726,"1.7567155"
4399,78,"1.57664235"
4400,7478,"0.84447951"
4401,7302,"8.43427855"
4402,6512,"1.32250467"
4403,42488,"4.74499175"
4404,85,"4.33571676"
4405,7127,"1.33561995"
4406,7301,"0.25487666"
4407,7301,"0.25487666"
4408,45,"1.32303469"
4409,85846,"80.76464345"
4410,92,"9.24451308"
4411,4018,"5.09559699"
4412,50045,"2.37644624"
4413,2882,"8.35820838"
4414,65602,"10.82930148"
4415,27315,"7.35639802"
4416,23,"1.99141962"
4417,28,"1.93495616"
4418,13488,"11.55808893"
4419,59,"32.04251329"
4420,63868,"5.82666001"
4421,115,"5.48943397"
4422,34744,"2.57680718"
4423,28424,"6.05263955"
4424,13907,"1.54313933"
4425,3986,"3.46402542"
4426,3107,"0.95571913"
4427,51762,"2.08010906"
4428,10004,"5.34053868"
4429,68598,"1.41694651"
4430,121,"3.97369374"
4431,237,"12.03373304"
4432,34744,"4.22349603"
4433,64345,"2.72366326"
4434,1066,"5.78064123"
4435,39406,"0.91033807"
4436,47,"2.2423073"
4437,340,"3.33958425"
4438,53,"1.33737695"
4439,51153,"0.96018184"
4440,33747,"5.18508612"
4441,51667,"4.34825333"
4442,4357,"0.49673737"
4443,50573,"1.42325879"
4444,89180,"4.22476346"
4445,85846,"92.29338632"
4446,48314,"4.72498335"
4447,77326,"3134.63392589"
4448,78,"3.81027578"
4449,7127,"1.32291469"
4450,7478,"0.61616281"
4451,90,"2.44925526"
4452,42501,"2.8877006"
4453,23,"4.30960717"
4454,3131,"0.18652306"
4455,85846,"80.76464345"
4456,47,"8.56526331"
4457,68933,"3.14625321"
4458,53,"1.33737695"
4459,4018,"22.77947555"
4460,50045,"2.37644624"
4461,2946,"3.19991838"
4462,65602,"10.82930148"
4463,27315,"7.35639802"
4464,59,"31.17916705"
4465,23,"0.87850684"
4466,50569,"2.16256565"
4467,13508,"2.26192437"
4468,89180,"4.22476346"
4469,55098,"6.40003339"
4470,6511,"0.96110017"
4471,309,"3.55372646"
4472,55153,"4.44452357"
4473,115,"5.48943397"
4474,34744,"8.71639162"
4475,28424,"6.05263955"
4476,13907,"1.54313933"
4477,55098,"9.76659265"
4478,55098,"9.76659265"
4479,3107,"1.39907183"
4480,10004,"5.34053868"
4481,68598,"1.41694651"
4482,237,"12.03373304"
4483,728,"1.89466949"
4484,34744,"4.22349603"
4485,6174,"7.56643736"
4486,86552,"3.3698099"
4487,1114,"1.29324257"
4488,55098,"5.09185996"
4489,4126,"4.76078043"
4490,64345,"2.72366326"
4491,53,"1.33737695"
4492,51153,"0.96018184"
4493,4357,"0.55912739"
4494,51668,"6.34327139"
4495,27527,"3.20568013"
4496,85846,"92.29338632"
4497,77326,"3107.99289762"
4498,48314,"0.44075458"
4499,116,"3.96032671"
4500,116,"3.96032671"
4501,6740,"0.39308179"
4502,92,"1.30775719"
4503,7269,"2.2913612"
4504,22,"0.53303463"
4505,7478,"0.61616281"
4506,116,"3.96032671"
4507,47,"8.56526331"
6425,63878,"0.34577578"
4508,3129,"0.50194125"
4509,85846,"80.76464345"
4510,85,"0.24428433"
4511,7127,"7.70836458"
4512,5877,"16.56581264"
4513,50045,"2.37644624"
4514,2941,"6.95296446"
4515,65602,"10.82930148"
4516,59,"30.24263302"
4517,7302,"6.44113319"
4518,27315,"8.69735627"
4519,66546,"0.99562565"
4520,13508,"9.65478545"
4521,77,"0.20452814"
4522,77,"0.20452814"
4523,7000,"2.12019318"
4524,89180,"6.31237253"
4525,77,"0.20452814"
4526,3985,"6.42168449"
4527,34744,"11.57373462"
4528,28424,"6.05263955"
4529,13907,"2.81491693"
4530,97,"4.30031717"
4531,77418,"0.98772199"
4532,34743,"0.94108946"
4533,10004,"5.34053868"
4534,237,"12.03373304"
4535,7299,"0.7029082"
4536,6174,"7.56665518"
4537,34744,"4.22349603"
4538,64345,"2.72366326"
4539,250,"6.37578677"
4540,55098,"0.49434444"
4541,4126,"4.76078043"
4542,55142,"0.19501447"
4543,85846,"92.29338632"
4544,6729,"5.11774702"
4545,4357,"0.44660368"
4546,1058,"0.90068885"
4547,77326,"2992.38859393"
4548,27527,"1.70118773"
4549,51153,"0.96018184"
4550,48314,"0.44075458"
4551,578,"3.90437618"
4552,66,"0.92160609"
4553,7478,"5.76876545"
4554,6968,"1.82484423"
4555,85846,"80.76464345"
4556,60028,"0.21555392"
4557,116,"1.47239906"
4558,3134,"1.41534511"
4559,47,"8.56526331"
4560,84,"5.10905803"
4561,5877,"1.27746889"
4562,50045,"2.37644624"
4563,2894,"3.84417557"
4564,27315,"6.13858209"
4565,27315,"8.69735627"
4566,54440,"24.08522207"
4567,13335,"3.36087827"
4568,33828,"0.35116493"
4569,81620,"3.93582004"
4570,89180,"4.92374904"
4571,42559,"0.32290825"
4572,68556,"8.43627472"
4573,34744,"9.02697469"
4574,59670,"6.21018687"
4575,13909,"6.27335282"
4576,34743,"10.45836145"
4577,102,"17.99696177"
4578,50125,"11.88435643"
4579,28424,"6.05263955"
4580,10004,"5.34053868"
4581,237,"12.03373304"
4582,6174,"7.56665518"
4583,34744,"4.22349603"
4584,50125,"8.71097724"
4585,50125,"8.71097724"
4586,2109,"1.99382505"
4587,55098,"0.49434444"
4588,64345,"2.72366326"
4589,472,"2.58436094"
4590,4104,"3.43296979"
4591,50125,"8.71097724"
4592,55139,"0.40407451"
4593,50121,"1.17150656"
4594,63877,"1.16136536"
4595,6731,"3.19289718"
4596,4357,"0.48940494"
4597,7302,"3.58818171"
4598,85846,"92.29338632"
4599,48314,"0.44075458"
4600,77342,"2568.20532106"
4601,34745,"4.39747268"
4602,73251,"11.06266305"
4603,50779,"1.11359009"
4604,73,"4.78685774"
4605,85846,"80.76464345"
4606,33828,"3.45538465"
4607,3135,"10.64909637"
4608,47,"8.56526331"
4609,27523,"0.50525257"
4610,82,"5.08287298"
4611,65886,"2.53607819"
4612,4022,"2.6730635"
4613,27,"3.42126232"
4614,27,"3.42126232"
4615,27315,"6.13858209"
4616,89236,"4.59433504"
4617,7302,"3.70843549"
4618,27315,"8.69735627"
4619,27,"3.42126232"
4620,54440,"24.08522207"
4621,33828,"0.35116493"
4622,13335,"3.36087827"
4623,50045,"2.37644624"
4624,89180,"3.41048454"
4625,59670,"0.49762247"
4626,34744,"8.67427152"
4627,39853,"13.17901381"
4628,48340,"0.95781934"
4629,13913,"7.2836852"
4630,54360,"6.86616415"
4631,28424,"6.05263955"
4632,10004,"5.34053868"
4633,54349,"0.19659888"
4634,9120,"3.67091808"
4635,237,"12.03373304"
4636,34744,"4.22349603"
4637,6174,"7.56665518"
4638,19517,"6.83348903"
4639,39411,"26.79818572"
4640,64345,"2.72366326"
4641,13658,"0.69593957"
4642,48314,"0.44075458"
4643,56,"2.01439621"
4644,54349,"0.3512818"
4645,22128,"5.8253822"
4646,75996,"3.74023276"
4647,4357,"0.68150352"
4648,50121,"1.74115225"
4649,4104,"3.43296979"
4650,77342,"2535.58457004"
4651,48314,"0.44075458"
4652,85846,"92.29338632"
4653,2050,"1.17308508"
4654,80,"2.62795187"
4655,34743,"0.47158915"
4656,73251,"2.42984403"
4657,4166,"5.63990134"
4658,82586,"0.76925987"
4659,5928,"5.36634396"
4660,85846,"80.76464345"
4661,33828,"2.56890707"
4662,63877,"12.32366926"
4663,82,"5.08287298"
4664,47,"8.56526331"
4665,5891,"63.8156781"
4666,50045,"2.37644624"
4667,27315,"6.13858209"
4668,89237,"4.07272901"
4669,54440,"24.08522207"
4670,33828,"0.35116493"
4671,27315,"8.69735627"
4672,13335,"3.36087827"
4673,89180,"1.42501579"
4674,48340,"3.70029557"
4675,59670,"0.49762247"
4676,89229,"2.50932492"
4677,47,"5.3853814"
4678,34744,"8.67427152"
4679,82346,"4.85390314"
4680,492,"5.04059073"
4681,28424,"6.05263955"
4682,10004,"5.34053868"
4683,237,"12.03373304"
4684,3099,"4.81386102"
4685,6174,"7.56665518"
4686,34744,"4.22349603"
4687,64345,"2.40883881"
4688,2117,"3.73073665"
4689,10011,"4.2613338"
4690,56,"2.01439621"
4691,54349,"4.27634124"
4692,24536,"0.21606736"
4693,7802,"0.13264464"
4694,328,"4.13511831"
4695,75996,"1.11865631"
4696,7478,"1.70646298"
4697,77342,"2668.37428285"
4698,4357,"0.97005503"
4699,85846,"92.29338632"
4700,48314,"0.44075458"
4701,49826,"12.15421865"
4702,73251,"2.42984403"
4703,84,"1.61525696"
4704,4166,"4.41469286"
4705,2754,"7.74646458"
4706,2754,"7.74646458"
4707,65796,"1.44000259"
4708,5934,"6.70946274"
4709,33828,"4.72308477"
4710,2754,"7.74646458"
4711,27527,"11.97914149"
4712,22125,"3.18186827"
4713,85846,"80.76464345"
4714,82,"5.08287298"
4715,119,"1.77680503"
4716,50045,"2.37644624"
4717,27315,"6.13858209"
4718,6746,"2.72198135"
4719,27315,"9.49118789"
4720,33828,"0.35116493"
4721,54440,"24.08522207"
4722,13483,"23.17878052"
4723,3045,"2.74947611"
4724,89180,"1.78324675"
4725,59670,"6.78617327"
4726,48340,"4.51584399"
4727,47,"4.34184374"
4728,51652,"9.90073459"
4729,50571,"6.10614784"
4730,82347,"0.6538033"
4731,28424,"6.05263955"
4732,10004,"5.34053868"
4733,6409,"1.80967275"
4734,237,"12.03373304"
4735,6174,"7.56665518"
4736,312,"2.29256097"
4737,2117,"3.73073665"
4738,70879,"1.13290784"
4739,28693,"2.79095145"
4740,7802,"0.13264464"
4741,56,"2.01439621"
4742,34744,"4.22349603"
4743,51666,"0.95815312"
4744,78783,"5.27032129"
4745,76333,"13.99830013"
4746,27523,"1.74386494"
4747,27523,"2.76610161"
4748,85846,"92.29338632"
4749,4357,"1.10640101"
6703,116,"4.899565"
4750,80847,"2.65674875"
4751,77342,"2855.1365676"
4752,85,"3.97164699"
4753,9742,"15.09251183"
4754,50573,"12.93407182"
4755,4164,"14.71591376"
4756,33828,"9.6311175"
4757,71948,"4.93315939"
4758,11774,"3.83936133"
4759,7478,"1.70646298"
4760,85846,"80.76464345"
4761,2754,"7.74646458"
4762,27527,"5.46659668"
4763,82,"4.54489787"
4764,22125,"3.18186827"
4765,34,"4.39995685"
4766,34,"4.39995685"
4767,27523,"2.37677135"
4768,50045,"2.37644624"
4769,2754,"2.40516059"
4770,27315,"6.13858209"
4771,54440,"24.08522207"
4772,27315,"9.49118789"
4773,6746,"3.5547755"
4774,10334,"0.08495808"
4775,48,"6.76141107"
4776,33828,"0.35116493"
4777,51652,"9.90073459"
4778,48341,"1.56967133"
4779,28424,"6.05263955"
4780,55468,"7.39372904"
4781,63614,"4.02827339"
4782,83,"2.25546439"
4783,7858,"1.95175382"
4784,10004,"5.34053868"
4785,70750,"20.15615287"
4786,237,"12.03373304"
4787,6174,"7.56665518"
4788,34744,"4.22349603"
4789,312,"0.84590855"
4790,13731,"0.54764011"
4791,2117,"3.73073665"
4792,73251,"1.85655976"
4793,56,"2.01439621"
4794,85150,"4.58269688"
4795,78783,"1.19719471"
4796,116,"1.55794023"
4797,51763,"6.3403175"
4798,59127,"0.54928139"
4799,4357,"0.98426864"
4800,77342,"3007.84097482"
4801,85846,"92.29338632"
4802,5081,"0.5611642"
4803,90,"0.6488401"
4804,78656,"13.35488856"
4805,239,"12.99079452"
4806,9742,"6.09599774"
4807,33828,"6.92949562"
4808,82591,"30.81769421"
4809,83132,"2.98545981"
4810,85846,"80.76464345"
4811,2754,"7.74646458"
4812,76154,"0.57318589"
4813,76,"2.63725374"
4814,22125,"3.18186827"
4815,50045,"2.37644624"
4816,27315,"4.26232771"
4817,2754,"2.40516059"
4818,48,"6.76141107"
4819,27315,"8.82366569"
4820,21,"0.39068172"
4821,116,"1.84122678"
4822,70750,"9.81936698"
4823,54440,"24.08522207"
4824,89172,"0.02985291"
4825,6746,"3.5547755"
4826,50573,"5.33812379"
4827,79395,"2.90070187"
4828,28424,"6.05263955"
4829,28426,"5.4503963"
4830,55468,"17.53216327"
4831,83,"2.25546439"
4832,10004,"5.34053868"
4833,237,"12.03373304"
4834,59710,"15.08686069"
4835,34744,"4.22349603"
4836,6174,"7.56665518"
4837,2117,"5.01745346"
4838,312,"0.84590855"
4839,4018,"5.29997945"
4840,85150,"8.54275592"
4841,73251,"5.21847467"
4842,56,"2.01439621"
4843,55468,"17.53216327"
4844,24553,"0.10404285"
4845,85139,"0.63741694"
4846,116,"3.12955268"
4847,59127,"0.54928139"
4848,4357,"0.87079469"
4849,85846,"92.29338632"
4850,5081,"2.01026807"
4851,64381,"1.67315584"
4852,246,"2.9486985"
4853,77342,"3078.05591874"
4854,9742,"17.51060706"
4855,82591,"30.18523066"
4856,235,"8.18924474"
4857,5937,"8.06316751"
4858,6751,"5.76117264"
4859,22126,"19.79087771"
4860,85846,"74.65803891"
4861,33744,"0.27687568"
4862,73,"6.60600719"
4863,116,"5.20806345"
4864,50045,"2.37644624"
4865,27315,"4.26232771"
4866,27315,"10.36258388"
4867,5121,"0.88664966"
4868,54440,"24.08522207"
4869,89172,"1.40661227"
4870,2754,"2.40516059"
4871,305,"5.67350964"
4872,123,"7.77925701"
4873,2754,"1.64279877"
4874,7743,"2.21652153"
4875,50573,"5.75495262"
4876,48,"6.76141107"
4877,55468,"25.83343456"
4878,82,"1.97719893"
4879,28424,"6.05263955"
4880,10004,"5.34053868"
4881,237,"12.03373304"
4882,34744,"4.22349603"
4883,6174,"7.56665518"
4884,28692,"0.46514887"
4885,312,"0.84590855"
4886,73251,"1.4295341"
4887,7801,"0.14759041"
4888,4018,"37.29661902"
4889,56,"2.01439621"
4890,14117,"6.50371851"
4891,24586,"2.57496413"
4892,11788,"1.27822927"
4893,4357,"0.896641"
4894,85846,"92.29338632"
4895,77342,"3086.94247178"
4896,5081,"4.72532147"
4897,116,"2.19419067"
4898,92,"0.15212845"
4899,45839,"5.57166528"
4900,9742,"17.51060706"
4901,33707,"8.74530968"
4902,85846,"8.53281986"
4903,82591,"37.91792308"
4904,6750,"3.05229528"
4905,85846,"74.65803891"
4906,2229,"0.5542172"
4907,2229,"0.5542172"
4908,22126,"19.79087771"
4909,73,"6.60600719"
4910,50045,"2.37644624"
4911,2229,"0.5542172"
4912,2229,"0.5542172"
4913,27315,"4.26232771"
4914,115,"4.59957821"
4915,2754,"0.69889784"
4916,54440,"24.08522207"
4917,27315,"10.38276599"
4918,5117,"16.35273788"
4919,2229,"0.5542172"
4920,48,"6.76141107"
4921,89172,"1.20793436"
4922,33744,"0.27687568"
4923,121,"4.76029038"
4924,76152,"31.85199617"
4925,60037,"13.31433976"
4926,7737,"0.54884665"
4927,28424,"6.05263955"
4928,45847,"3.06273331"
4929,84,"4.9165165"
4930,2754,"1.64279877"
4931,237,"12.03373304"
4932,10004,"5.34053868"
4933,6174,"7.56665518"
4934,34744,"4.22349603"
4935,58613,"6.26217017"
4936,14117,"3.69834217"
4937,64299,"17.00644267"
4938,9742,"5.84252956"
4939,56,"2.01439621"
4940,24586,"1.41099754"
4941,3101,"5.65697109"
4942,85846,"92.29338632"
4943,312,"0.84590855"
4944,4357,"0.92402374"
4945,7801,"0.14759041"
4946,235,"1.09868214"
4947,77342,"3086.94247178"
4948,5081,"4.72532147"
4949,4161,"9.33049785"
4950,9742,"19.28641178"
4951,6968,"3.45147815"
4952,51666,"13.32898746"
4953,68598,"66.17525805"
4954,85846,"6.93145407"
4955,82591,"7.17786084"
4956,6750,"2.7398811"
4957,73,"6.60600719"
4958,340,"10.91010647"
4959,22126,"19.79087771"
4960,33707,"3.9210915"
4961,50045,"2.37644624"
4962,27315,"4.26232771"
4963,6750,"1.89068475"
4964,27315,"0.11570433"
4965,2229,"1.82126519"
4966,48,"6.76141107"
4967,54440,"24.08522207"
4968,2255,"6.16971386"
4969,2753,"4.79662136"
4970,11789,"23.34886974"
4971,28461,"1.64956666"
4972,247,"0.38023141"
4973,121,"11.41462759"
4974,7736,"0.30882703"
4975,28424,"6.05263955"
4976,70750,"6.82196055"
4977,10004,"5.34053868"
4978,8926,"8.82552413"
4979,8926,"8.82552413"
4980,237,"12.03373304"
4981,84,"8.49112259"
4982,6174,"7.56665518"
4983,34744,"4.22349603"
4984,8926,"9.49518991"
4985,28706,"6.1012751"
4986,64299,"7.48677593"
4987,48015,"9.51121927"
4988,48314,"0.44075458"
4989,56,"2.01439621"
4990,24586,"0.25769912"
4991,9742,"13.1332776"
6953,51318,"11.15249227"
4992,312,"0.84590855"
4993,4357,"1.16307565"
4994,85846,"92.29338632"
4995,77342,"3086.94247178"
4996,7803,"1.70188175"
4997,5081,"4.72532147"
4998,73024,"2.61294261"
4999,6975,"2.1020814"
5000,259,"21.80299071"
5001,4166,"4.30929518"
5002,34744,"5.79218028"
5003,42758,"0.82968396"
5004,85846,"6.81021578"
5005,68598,"57.38747807"
5006,9742,"19.28641178"
5007,6750,"2.7398811"
5008,22126,"19.79087771"
5009,73,"19.3628923"
5010,4054,"0.08024729"
5011,51666,"1.62143761"
5012,50045,"2.37644624"
5013,27315,"4.26232771"
5014,6750,"2.95461668"
5015,54440,"24.08522207"
5016,48,"6.76141107"
5017,27315,"3.60256264"
5018,2229,"3.14019"
5019,5711,"0.26853103"
5020,545,"6.38089227"
5021,3983,"5.72962835"
5022,3103,"0.78096269"
5023,121,"6.80021844"
5024,246,"1.88824952"
5025,28424,"6.05263955"
5026,44663,"2.40589155"
5027,85,"2.61550481"
5028,10004,"5.34053868"
5029,237,"12.03373304"
5030,8966,"3.88845459"
5031,34744,"5.97058017"
5032,28824,"2.57363349"
5033,313,"3.43942562"
5034,5878,"1.73040171"
5035,48015,"9.83846219"
5036,6174,"7.56665518"
5037,9742,"11.20294597"
5038,56,"1.39227833"
5039,60423,"2.37684829"
5040,50045,"0.95849875"
5041,24435,"2.93264881"
5042,4357,"1.21576729"
5043,68598,"67.05876169"
5044,77342,"3086.94247178"
5045,5081,"4.72532147"
5046,6979,"3.21672858"
5047,9742,"23.71362593"
5048,3107,"2.928259"
5049,34744,"5.79218028"
5050,68598,"48.21313386"
7006,51317,"25.98724444"
5051,7263,"6.15894399"
5052,85846,"5.58622461"
5053,6750,"1.76697866"
5054,6979,"7.69586202"
5055,22126,"19.79087771"
5056,75,"15.13513619"
5057,60423,"3.02435732"
5058,50045,"2.37644624"
5059,6750,"2.95461668"
5060,27315,"4.26232771"
5061,27315,"8.29371526"
5062,54440,"24.08522207"
5063,2229,"0.79082689"
5064,5711,"4.14337102"
5065,73,"1.49084423"
5066,4054,"0.08024729"
5067,3983,"2.65337846"
5068,727,"0.1102449"
5069,63821,"4.34511506"
5070,28424,"6.05263955"
5071,88,"2.44986398"
5072,45839,"17.19838935"
5073,48,"6.76141107"
5074,10004,"5.34053868"
5075,237,"12.03373304"
5076,3037,"1.71670872"
5077,6174,"7.56665518"
5078,34744,"5.97058017"
5079,12183,"3.74598568"
5080,48015,"9.83846219"
5081,58606,"0.91721693"
5082,3979,"5.33401218"
5083,4890,"5.6297612"
5084,13708,"0.31540506"
5085,56,"1.39227833"
5086,24435,"2.93264881"
5087,66,"2.13550293"
5088,4357,"1.17372449"
5089,580,"1.61511395"
5090,7804,"4.0182375"
5091,77342,"3086.94247178"
5092,5081,"4.72532147"
5093,54440,"24.08522207"
5094,4162,"6.44109232"
5095,68598,"50.97027452"
5096,34743,"0.23228031"
5097,42796,"1.93632457"
5098,9742,"28.25140925"
5099,68598,"1.3143273"
5100,68598,"48.21313386"
5101,619,"2.34043527"
5102,271,"2.38123783"
5103,74,"6.37753965"
5104,34743,"0.28943476"
5105,6976,"0.67462231"
5106,6976,"0.67462231"
5107,50045,"2.37644624"
5108,27315,"4.26232771"
5109,22126,"19.79087771"
5110,54440,"24.08522207"
5111,48,"6.76141107"
5112,27315,"8.28707548"
5113,83047,"2.20876824"
5114,6976,"0.67462231"
5115,619,"5.21308574"
5116,5711,"4.81143477"
5117,3193,"8.54768001"
5118,73,"9.1235501"
5119,117,"1.10196437"
5120,28843,"5.47281243"
5121,727,"5.58817379"
5122,75994,"0.10484208"
5123,28424,"6.05263955"
5124,59024,"4.34754404"
5125,10004,"5.34053868"
5126,237,"12.03373304"
5127,6174,"7.56665518"
5128,198,"3.48537573"
5129,198,"3.48537573"
5130,48327,"0.39065121"
5131,3979,"7.44673384"
5132,2108,"4.91164828"
5133,55160,"27.27552298"
5134,13708,"5.05791102"
5135,13533,"8.00622676"
5136,56,"1.39227833"
5137,34744,"5.97058017"
5138,24435,"2.93264881"
5139,11771,"8.71989997"
5140,198,"3.48537573"
5141,33764,"1.22117849"
5142,68598,"50.26757082"
5143,4357,"1.15094129"
5144,66,"2.49618474"
5145,5081,"5.06023529"
5146,77342,"3086.94247178"
5147,55468,"17.53216327"
5148,4160,"6.43448395"
5149,9742,"28.25199276"
5150,19520,"6.8105891"
5151,42771,"3.79193643"
5152,275,"6.56800421"
5153,22126,"19.79087771"
5154,68598,"48.21313386"
5155,68598,"0.46900061"
5156,619,"5.6304774"
5157,3103,"4.1528286"
5158,50045,"2.37644624"
5159,27315,"4.26232771"
5160,19520,"4.69591162"
5161,27315,"8.26805514"
5162,54440,"24.08522207"
5163,22125,"1.41963456"
5164,83047,"4.81321225"
5165,94,"1.37835048"
5166,5711,"2.71100338"
5167,619,"0.52770803"
5168,11509,"1.82506548"
5169,81602,"8.0974076"
5170,13960,"3.27765743"
5171,48314,"0.18463944"
5172,116,"0.80780025"
5173,73,"9.1235501"
5174,12523,"3.56349551"
5175,53,"1.33737695"
5176,28424,"12.52753005"
5177,10004,"5.34053868"
5178,237,"12.03373304"
5179,6174,"7.56665518"
5180,34744,"5.97058017"
5181,8990,"6.14751782"
5182,22116,"4.04031587"
5183,2039,"2.85552729"
5184,56252,"1.0625807"
5185,13651,"6.19333471"
5186,56,"1.39227833"
5187,55161,"0.2553528"
5188,13708,"0.31521905"
5189,47906,"3.79033923"
5190,4357,"1.09917605"
5191,48323,"5.87633255"
5192,19191,"1.79192455"
5193,50126,"3.53814891"
5194,68598,"42.18926316"
5195,77342,"3086.94247178"
5196,5081,"5.06023529"
5197,235,"2.39206342"
5198,9742,"18.00869647"
5199,42974,"3.64719251"
5200,68598,"0.46900061"
5201,68598,"41.63651373"
5202,6765,"5.95778508"
5203,39853,"3.54496158"
5204,22126,"19.79087771"
5205,484,"12.51139504"
5206,69170,"0.53512001"
5207,277,"1.73783745"
5208,50045,"0.2497444"
5209,27315,"4.26232771"
5210,619,"4.4927765"
5211,61,"2.58506627"
5212,22125,"1.41963456"
5213,27315,"6.59406571"
5214,83047,"5.66031862"
5215,22116,"4.04031587"
5216,5711,"4.43479149"
5217,5533,"2.33098455"
5218,73,"9.1235501"
5219,13960,"0.54782577"
5220,116,"1.65934607"
5221,48314,"10.51685745"
5222,28424,"13.39668969"
5223,94,"1.81166226"
5224,10004,"5.34053868"
5225,12523,"6.07315969"
5226,237,"12.03373304"
5227,34744,"5.97058017"
5228,46468,"8.37668418"
5229,12280,"7.52975956"
5230,6174,"7.56665518"
5231,28811,"5.60313286"
7207,6171,"2.67599229"
5232,22118,"5.78198967"
5233,2039,"3.68092037"
5234,13704,"14.13274532"
5235,56,"1.39227833"
5236,19191,"5.19811958"
5237,56252,"0.64125429"
5238,63613,"0.18038408"
5239,47906,"9.28743845"
5240,13651,"6.19333471"
5241,77342,"3086.94247178"
5242,68598,"43.62238162"
5243,50126,"3.53814891"
5244,5081,"5.06023529"
5245,4357,"1.07657813"
5246,487,"3.03303549"
5247,42755,"3.2907195"
5248,68598,"0.46900061"
5249,68598,"41.63651373"
5250,6765,"5.95778508"
5251,73,"13.32822904"
5252,10006,"5.51806903"
5253,9742,"18.00869647"
5254,22126,"18.4006858"
5255,33707,"0.59179097"
5256,487,"12.04361195"
5257,50045,"0.2497444"
5258,49826,"3.2675862"
5259,619,"4.80880505"
5260,27315,"6.79027699"
5261,27315,"4.18048813"
5262,47903,"0.25954272"
5263,61,"4.37353187"
5264,92,"4.1672748"
5265,22125,"1.41963456"
5266,69984,"5.07395998"
5267,46468,"0.10867082"
5268,77,"12.46855662"
5269,5533,"2.33098455"
5271,12263,"0.26377208"
5272,49826,"3.2675862"
5273,63876,"10.3989946"
5274,28424,"14.43136504"
5275,10004,"5.34053868"
5276,237,"12.03373304"
5277,34744,"5.97058017"
5278,8991,"2.57194831"
5279,6174,"7.56665518"
5280,58604,"1.82032917"
5281,1059,"4.73092789"
5282,63880,"3.91210171"
5283,13704,"0.94325748"
5284,56,"1.39227833"
5285,19191,"5.19811958"
5286,63613,"0.18038408"
5287,47906,"9.28743845"
5288,4357,"1.2053243"
5289,68598,"37.11619454"
5290,77342,"3086.94247178"
5291,13651,"6.19333471"
5292,13704,"10.02179195"
5293,51666,"1.34227105"
5294,6793,"5.46774755"
5295,51652,"4.07209349"
5296,42958,"1.40458675"
5297,68598,"0.46900061"
5298,22126,"18.4006858"
5299,5081,"5.06023529"
5300,68598,"27.03675318"
5301,6765,"5.95778508"
5302,79,"15.63111417"
5303,50045,"0.2497444"
5304,51652,"6.98845585"
5305,27315,"6.79027699"
5306,10006,"5.51806903"
5307,22125,"1.41963456"
5308,27315,"3.82414535"
5309,704,"1.64578322"
5310,94,"0.76112136"
5311,70003,"4.00850805"
5312,12179,"0.35370531"
5313,619,"4.80880505"
5314,77,"3.76765074"
5315,54352,"1.75471972"
5316,5536,"2.82544119"
5317,3982,"4.24745357"
5318,3982,"4.24745357"
5319,28410,"3.13886302"
5320,28424,"14.43136504"
5321,3982,"4.24745357"
5322,10004,"5.34053868"
5323,237,"12.03373304"
5324,63876,"1.33646781"
5325,12265,"2.4291525"
5326,6174,"7.56665518"
5327,34744,"5.97058017"
5328,20980,"12.4860234"
5329,58,"2.37224018"
5330,13705,"7.68093177"
5331,8991,"2.57194831"
5332,56,"1.39227833"
5333,19191,"5.19811958"
5334,13651,"11.58160775"
5335,1066,"9.62718147"
5336,13658,"3.57093847"
5337,47906,"9.28743845"
5338,4357,"1.20176168"
5339,68598,"38.41533055"
5340,77342,"3086.94247178"
5341,63613,"0.18038408"
5342,3478,"0.53379284"
5343,5081,"5.06023529"
5344,13703,"0.53388179"
5345,60424,"0.18016926"
5346,68598,"6.70435318"
5347,68598,"1.92694651"
5348,7259,"4.13190381"
5349,61392,"1.65823128"
5350,22126,"18.4006858"
5351,82,"10.59051489"
5352,51652,"10.30132323"
5353,51652,"4.00059173"
5354,50045,"0.2497444"
5355,3049,"4.53412069"
5356,27315,"6.79027699"
5357,66579,"0.81169649"
5358,22125,"1.41963456"
5359,27315,"8.04193"
5360,66862,"2.63019928"
5361,66862,"2.63019928"
5362,749,"3.41533378"
5363,10006,"5.51806903"
5364,6731,"11.48017023"
5365,9705,"3.68361404"
5366,33723,"2.09293152"
5367,33723,"2.09293152"
5368,3478,"0.53379284"
5369,77,"7.53990866"
5370,28416,"3.7967084"
5371,13950,"0.32085561"
5372,5574,"1.79968264"
5373,28424,"14.43136504"
5374,33723,"2.09293152"
5375,10004,"5.34053868"
5376,239,"8.19550212"
5377,3983,"3.62323211"
5378,66575,"0.25536829"
5379,6174,"7.56665518"
5380,34744,"5.97058017"
5381,61,"2.36712358"
5382,13374,"1.75080061"
5383,20981,"6.2136108"
5384,1102,"15.25554008"
5385,56,"1.39227833"
5386,13705,"7.68093177"
5387,19191,"5.19811958"
5388,7802,"1.62723072"
5389,55153,"0.29351611"
5390,47906,"9.28743845"
5391,13651,"11.92564429"
5392,77342,"3086.94247178"
5393,4357,"1.16900791"
5394,68598,"42.21839191"
5395,5081,"5.06023529"
5396,5891,"13.92265761"
5397,7250,"22.79472772"
5398,51652,"10.30132323"
5399,64,"0.73263619"
5400,68598,"1.92694651"
5401,280,"2.14047653"
5402,68598,"6.70435318"
5403,69674,"5.85451537"
5404,22126,"18.4006858"
5405,85,"8.85908802"
5406,51652,"4.00059173"
5407,50045,"0.2497444"
5408,27315,"6.79027699"
5409,27315,"10.61732921"
5410,12186,"21.64255964"
5411,749,"3.41533378"
5412,75996,"4.95383188"
5413,22125,"1.41963456"
5414,3478,"0.53379284"
5415,11530,"5.98200552"
5416,5484,"5.20897903"
5417,25977,"0.25371155"
5418,28416,"3.38756467"
5419,27527,"1.04765306"
5420,65603,"13.21717523"
5421,28424,"14.43136504"
5422,32399,"2.56216123"
5423,59023,"2.59750646"
5424,10004,"5.34053868"
5425,4161,"1.99954796"
5426,12277,"7.48294673"
5427,6174,"7.56665518"
5428,34744,"5.97058017"
5429,59974,"1.68095407"
5430,84945,"6.40914841"
5431,33708,"4.35912263"
5432,56,"1.15482298"
5433,22109,"3.18133384"
5434,69674,"4.0663195"
5435,19191,"5.19811958"
5436,13701,"1.93494148"
5437,47906,"9.28743845"
5438,4357,"1.10461206"
5439,55153,"9.00883459"
5440,68598,"34.64392223"
5441,77342,"3086.94247178"
5442,64,"2.36469087"
5443,5888,"20.66292453"
5444,5081,"1.32146789"
5445,7250,"22.79472772"
5446,97,"3.90171909"
5447,68598,"6.70435318"
5448,69674,"4.93586269"
5449,90,"2.68253659"
5450,22126,"18.4006858"
5451,78399,"1.56724138"
5452,254,"2.72843365"
5453,284,"3.80142559"
5454,50045,"0.2497444"
5455,27315,"6.79027699"
5456,69674,"3.8476539"
5457,7802,"4.00822972"
5458,12186,"0.75917744"
5459,749,"3.41533378"
5460,27315,"10.86559009"
5461,22125,"1.41963456"
5462,76333,"3.4580268"
5463,25977,"0.25371155"
5464,5511,"5.86902282"
5465,51763,"12.98787594"
5466,32399,"2.56216123"
5467,4166,"5.92454835"
5468,28424,"14.43136504"
5469,27527,"1.25934772"
5470,9742,"105.16156215"
5471,28416,"3.38756467"
5472,70455,"3.11031952"
5473,10004,"5.34053868"
5474,4166,"5.58486196"
5475,6174,"7.56665518"
5476,59974,"1.63447102"
5477,3478,"0.53379284"
5478,11597,"1.67618052"
5479,12179,"16.80872985"
5480,937,"0.74594111"
5481,34744,"5.97058017"
5482,66575,"7.89931202"
5483,56,"2.90289864"
5484,19191,"5.19811958"
5485,55153,"8.34210491"
5486,13680,"2.56543114"
5487,47906,"9.28743845"
5488,4357,"1.29205691"
5489,68598,"30.71740466"
5490,77326,"3363.69587346"
5491,42279,"1.61510785"
5492,5081,"2.33941033"
5493,28425,"5.44287418"
5494,43,"6.24195305"
5495,5888,"20.66292453"
5496,7250,"22.79472772"
5497,97,"2.17388625"
5498,69674,"4.93586269"
5499,4087,"5.60491691"
5500,22126,"18.4006858"
5501,64381,"0.63287918"
5502,123,"10.00125421"
5503,28425,"5.44287418"
5504,68598,"2.58987262"
5505,50045,"0.2497444"
5506,27315,"6.79027699"
5507,84750,"4.99579604"
5508,27315,"10.86572408"
5509,12182,"2.10331645"
5510,22125,"1.41963456"
5511,47902,"0.35909713"
5512,51763,"12.0969087"
5513,25977,"0.25371155"
5514,3476,"1.57944689"
5515,76016,"0.87193345"
5516,5511,"5.60197759"
5517,28416,"3.38756467"
5518,32399,"2.56216123"
5519,27527,"3.39123317"
5520,5644,"2.38873547"
5521,28424,"14.43136504"
5522,10004,"5.34053868"
5523,6174,"7.56665518"
5524,34744,"5.97058017"
5525,3991,"3.56472594"
5526,6979,"0.60860875"
5527,11597,"1.78288383"
5528,12179,"66.55341318"
5529,937,"2.7079525"
5530,13708,"10.11996344"
5531,35,"0.23475439"
5532,19191,"5.19811958"
5533,27315,"0.45143362"
5534,47906,"9.28743845"
5535,39840,"2.05373912"
5536,13680,"2.56543114"
5537,68598,"42.96325131"
5538,77326,"3405.64066212"
5539,4357,"1.31016254"
5540,42,"1.00213007"
5541,55153,"8.34210491"
5542,5888,"20.66292453"
5543,34742,"8.99179792"
5544,28424,"1.54224826"
5545,7250,"22.79472772"
5546,39405,"9.84294638"
5547,88900,"0.81139975"
5548,84750,"2.6637249"
5549,22126,"18.4006858"
5550,97,"2.17388625"
5551,6971,"1.17261212"
5552,50045,"3.017282"
5553,27315,"6.79027699"
5554,27315,"10.86572408"
5555,198,"1.48424445"
5556,76152,"9.68964471"
5557,252,"32.64373394"
5558,22125,"1.41963456"
5559,121,"3.25238546"
5560,3052,"36.60593519"
5561,50598,"17.13028279"
5562,76152,"6.50256027"
5563,28416,"3.38756467"
5564,6347,"2.37332371"
5565,79157,"10.72815034"
5566,28424,"14.43136504"
5567,32399,"2.56216123"
5568,13717,"21.23713939"
5569,27527,"3.39123317"
5570,10004,"5.34053868"
5571,6974,"5.8022908"
5572,5644,"0.07054242"
5573,11590,"5.17786671"
5574,48341,"3.76924246"
5575,13704,"80.93456972"
5576,252,"85.08153284"
5577,34744,"5.97058017"
5578,6174,"7.56665518"
5579,35,"4.08157979"
5580,19191,"5.19811958"
5581,13680,"2.56543114"
5582,4357,"1.25911134"
5583,47906,"9.28743845"
5584,68598,"35.56685876"
5585,55153,"8.34210491"
5586,77326,"3372.46207994"
5587,34742,"1.54096022"
5588,7816,"2.97927321"
5589,46,"7.89566209"
5590,28424,"1.54224826"
5591,7250,"22.79472772"
5592,119,"15.13638778"
5593,100,"1.23342547"
5594,2205,"4.94597385"
5595,7218,"10.56421146"
5596,79147,"5.06015071"
5597,121,"0.08029639"
5598,22126,"18.4006858"
5599,6975,"2.93371194"
5600,68594,"37.17475291"
5601,27315,"6.79027699"
5602,50045,"1.53676455"
5603,27315,"10.86572408"
5604,12187,"15.45692144"
5605,47916,"0.97345953"
5606,22125,"1.41963456"
5607,9709,"2.44806629"
5608,28416,"3.24622865"
5609,32403,"3.79266048"
5610,5563,"14.91652008"
5611,28424,"14.43136504"
5612,85139,"18.30890211"
5613,27527,"3.39123317"
5614,10004,"0.99607072"
5615,85139,"4.63420943"
5616,4022,"8.01786496"
5617,5644,"1.95090289"
5618,6347,"1.7608736"
5619,6174,"7.56665518"
5620,34744,"5.97058017"
5621,28431,"1.75728917"
5622,7466,"3.59635719"
5623,94,"7.52886679"
5624,252,"111.30746137"
5625,13704,"60.20213035"
5626,23,"2.87367031"
5627,24410,"2.52784154"
5628,55153,"8.34210491"
5629,7820,"3.31821256"
5630,47906,"9.28743845"
5631,4357,"1.22468677"
5632,77326,"3364.52397767"
5633,13680,"2.56543114"
5634,68598,"33.34150653"
5635,34742,"1.54096022"
5636,22128,"0.80040913"
5637,28424,"1.54224826"
5638,7250,"22.79472772"
5639,66862,"2.75136434"
5640,103,"1.07453959"
5641,79147,"5.06015071"
5642,22126,"18.4006858"
5643,4166,"3.89222419"
5644,255,"23.42750078"
5645,9948,"2.8339776"
5646,121,"0.14610432"
5647,50045,"1.08711831"
5648,27315,"6.79027699"
5649,27315,"10.86572408"
5650,47902,"2.3436594"
5651,12187,"9.49831675"
5652,80305,"2.58978795"
5653,68594,"60.80274573"
5654,3101,"31.09473073"
5655,77096,"6.95050913"
5656,34742,"2.46181214"
5657,8392,"0.76231625"
5658,22125,"12.56261692"
5659,6347,"0.91634491"
5660,3101,"17.21315497"
5661,5644,"1.69028124"
5662,27525,"0.85724767"
5663,28424,"14.43136504"
5664,5881,"1.57695841"
5665,10004,"0.99607072"
5666,34744,"5.97058017"
5667,51668,"1.10942071"
5668,6174,"7.56665518"
5669,7466,"4.15730007"
5670,252,"138.20041878"
5671,28431,"1.75728917"
5672,3569,"10.50886944"
5673,3569,"10.50886944"
5674,13704,"60.20213035"
5675,33,"62.72281783"
5676,7820,"5.93535349"
5677,24411,"1.02614653"
5678,3569,"10.50886944"
5679,4357,"1.14378132"
5680,47906,"9.28743845"
5681,68598,"29.27124692"
5682,55153,"8.34210491"
5683,77326,"3364.52397767"
5684,13680,"2.56543114"
5685,34742,"1.54096022"
5686,27526,"2.07263715"
5687,7302,"3.36256758"
5688,28424,"1.54224826"
5689,7250,"21.17038716"
5690,103,"1.07453959"
5691,22126,"18.4006858"
5692,6675,"3.75959372"
5693,88811,"36.7560286"
5694,79147,"5.06015071"
5695,4162,"11.33193459"
5696,121,"0.49759696"
5697,50045,"1.08712531"
5698,27315,"6.79027699"
5699,27315,"10.86572408"
5700,47906,"7.23282804"
5701,22125,"14.83401737"
5702,85244,"4.46502578"
5703,45841,"76.03351592"
5704,59958,"1.1964294"
5705,88811,"47.87522351"
5706,119,"2.21251122"
5707,88811,"52.10241323"
5708,34742,"6.58965093"
5709,77096,"6.95050913"
5710,28424,"14.43136504"
5711,6665,"2.662717"
5712,33744,"3.38701594"
5713,33714,"8.12487528"
5714,82377,"1.66282287"
5715,10004,"0.99607072"
5716,6731,"9.69697926"
5717,6174,"7.56665518"
5718,39389,"4.41749371"
7705,6171,"2.67599229"
5719,28431,"3.51492035"
5720,34744,"5.97058017"
5721,5891,"1.65674945"
5722,252,"116.87021837"
5723,12176,"19.06728321"
5724,79342,"1.86029061"
5725,47906,"9.28743845"
5726,3571,"2.97648244"
5727,4357,"1.12804533"
5728,39832,"3.16546435"
5729,7803,"1.2965133"
5730,77326,"3364.52397767"
5731,34742,"1.54096022"
5732,55153,"8.34210491"
5733,68598,"26.38397349"
5734,27527,"11.15118279"
5735,23,"5.19307582"
5736,28424,"1.54224826"
5737,3107,"0.88323961"
5738,7248,"6.48263686"
5739,103,"1.07453959"
5740,22126,"18.4006858"
5741,79147,"5.06015071"
5742,121,"1.47722895"
5743,6675,"2.3237257"
5744,50045,"1.08712531"
5745,27315,"6.79027699"
5746,6964,"84.09233715"
5747,117,"14.81886788"
5748,27315,"10.86572408"
5749,66862,"7.88116311"
5750,22126,"10.62819892"
5751,48070,"10.09633692"
5752,3107,"12.75653432"
5753,59958,"0.20742166"
5754,3107,"3.1814598"
5755,34742,"6.58965093"
5756,6681,"5.61378457"
5757,77096,"6.95050913"
5758,28424,"14.43136504"
5759,33744,"3.38701594"
5760,85244,"2.06177326"
5761,10004,"0.99607072"
5762,75996,"4.25335468"
5763,85280,"4.30834544"
5764,6174,"7.56665518"
5765,34744,"5.97058017"
5766,55156,"9.97582772"
5767,66578,"92.06962685"
5768,12176,"19.06728321"
5769,24412,"0.09057543"
5770,55153,"8.34210491"
5771,3563,"0.36725032"
5772,5891,"1.65674945"
5773,13652,"4.18670095"
5774,68598,"25.07402178"
5775,47906,"9.28743845"
5776,39389,"2.47807671"
5777,4357,"0.04466318"
5778,77326,"3364.52397767"
5779,7823,"2.99162419"
5780,80847,"1.77016446"
5781,28424,"0.24723871"
5782,60028,"1.96794079"
5783,28424,"1.54224826"
5784,103,"1.40510725"
5785,43243,"3.40358149"
5786,77418,"0.32292701"
5787,6675,"2.3237257"
5788,27527,"12.47610908"
5789,45839,"10.50792119"
5790,22126,"18.4006858"
5791,79146,"5.83421486"
5792,728,"3.12721964"
5793,50045,"1.08712531"
5794,27315,"6.79027699"
5795,7132,"134.33616731"
5796,27315,"10.86572408"
5797,51229,"13.94986764"
5798,27527,"0.67921181"
5799,2204,"4.88190654"
5800,85244,"2.40707956"
5801,22126,"12.9267532"
5802,3107,"1.37643609"
5803,5493,"12.67649826"
5804,80847,"0.14769025"
5805,6672,"1.76831509"
5806,60100,"0.59282094"
5807,55468,"17.53216327"
5808,28424,"14.43136504"
5809,33744,"3.38701594"
5810,28649,"20.08815485"
5811,55160,"3.42003309"
5812,10004,"0.99607072"
5813,75996,"6.41763964"
5814,6174,"7.56665518"
5815,39389,"2.47807671"
5816,34744,"5.97058017"
5817,28424,"0.24723871"
5818,5891,"1.65674945"
5819,34,"7.97997128"
5820,24409,"3.65617012"
5821,66578,"113.50707882"
5822,7802,"2.15048559"
5823,55153,"8.34210491"
5824,68976,"1.59174464"
5825,47906,"9.28743845"
5826,68598,"1.55152616"
5827,3906,"6.60609238"
5828,77326,"3364.52397767"
5829,21,"3.42930054"
5830,7824,"3.53410504"
5831,80847,"2.98815709"
5832,27527,"12.47610908"
5833,28424,"1.54224826"
5834,102,"4.65349953"
5835,7251,"2.9724583"
5836,77418,"1.06459246"
5837,3053,"32.99982315"
5838,728,"0.6097427"
5839,82697,"2.72528242"
5840,22126,"18.4006858"
5841,50045,"1.08712531"
5842,27315,"6.79027699"
5843,240,"5.60841014"
5844,27315,"10.86572408"
5845,27527,"0.795234"
5846,22125,"16.80009225"
5847,2146,"1.77403614"
5848,582,"1.68581625"
5849,85244,"2.40707956"
5850,3107,"1.37643609"
5851,82697,"5.58945491"
5852,48298,"11.01835317"
5853,5494,"0.36378974"
5854,28649,"20.08815485"
5855,33744,"3.38701594"
5856,22124,"4.7606982"
5857,45848,"8.9522059"
5858,28424,"14.43136504"
5859,10004,"0.99607072"
5860,75996,"6.28321143"
5861,6673,"9.55441018"
5862,6174,"7.56665518"
5863,7463,"2.00041329"
5864,34744,"5.97058017"
5865,28424,"2.07955796"
5866,33732,"5.73150448"
5867,12179,"40.87403355"
5868,34,"3.46119691"
5869,19189,"3.64617668"
5870,55153,"8.34210491"
5871,13659,"1.88886753"
5872,7824,"2.41889509"
5873,4362,"6.82871319"
5874,97,"5.2960815"
5875,47906,"9.28743845"
5876,68976,"1.59174464"
5877,77326,"3364.52397767"
5878,4023,"10.40338034"
5879,27527,"1.91284381"
5880,28424,"1.54224826"
5881,43314,"3.35023276"
5882,81038,"1.73904979"
5883,77418,"1.06459246"
5884,6670,"4.720468"
5885,22126,"18.4006858"
5886,82697,"3.63413063"
5887,83047,"1.3690662"
5888,50045,"1.08712531"
5889,27315,"6.79027699"
5890,9915,"2.92921672"
5891,9915,"2.92921672"
5892,117,"4.20310495"
5893,27527,"1.05545143"
5894,2147,"6.69177839"
5895,27315,"12.68570392"
5896,9915,"2.92921672"
5897,581,"9.20342206"
5898,3107,"1.37643609"
5899,4023,"7.68049319"
5900,85244,"2.40707956"
5901,68594,"35.42921764"
5902,65764,"4.52625997"
5903,82261,"16.03632193"
5904,28424,"14.43136504"
5905,340,"0.14328275"
5906,68937,"3.3712272"
5907,28649,"20.08815485"
5908,75996,"6.28321143"
5909,7300,"0.54614492"
5910,5494,"0.27881047"
5911,10004,"0.99607072"
5912,74464,"0.93015937"
5913,34744,"5.97058017"
5914,28424,"2.07955796"
5915,66786,"1.47037098"
5916,66862,"10.743177"
5917,50125,"2.48063661"
5918,34,"1.44867381"
5919,19189,"5.85653858"
5920,7824,"3.33790741"
5921,6174,"7.56665518"
5922,47906,"9.28743845"
5923,68976,"5.13520208"
5924,55153,"8.34210491"
5925,3903,"5.67506343"
5926,97,"5.70922015"
5927,28425,"2.29293887"
5928,77326,"3364.52397767"
5929,2229,"1.06401838"
5930,28424,"1.54224826"
5931,27527,"1.50149968"
5932,11774,"1.97947639"
5933,7256,"3.0376134"
5934,22126,"18.4006858"
5935,77418,"1.06459246"
5936,45845,"68.10981779"
5937,82697,"3.63413063"
5938,50045,"1.08712531"
5939,33827,"7.4896521"
5940,27315,"10.24347665"
5941,27315,"12.68570392"
5942,2151,"2.97889099"
5943,59722,"6.89701894"
5944,235,"2.38665287"
5945,85244,"2.40707956"
5946,11784,"0.20395186"
5947,25496,"4.22053603"
5948,580,"1.93264632"
5949,82261,"12.88492445"
5950,5494,"5.66739945"
5951,254,"1.69170163"
5952,28424,"14.43136504"
5953,273,"8.5379369"
5954,10004,"0.99607072"
5955,22123,"7.44849647"
5956,28649,"20.08815485"
5957,27525,"4.91770449"
5958,9912,"1.42558514"
5959,76333,"1.88294488"
5960,6174,"7.38797873"
5961,137,"0.03887536"
5962,66580,"16.92481271"
5963,34744,"5.97058017"
5964,63878,"0.34577578"
5965,2229,"2.30749728"
5966,2229,"2.30749728"
5967,34,"1.44867381"
5968,19189,"1.2833896"
5969,28424,"2.07955796"
5970,2229,"2.30749728"
5971,18287,"11.29452866"
5972,55153,"8.34210491"
5973,47906,"9.28743845"
5974,50125,"2.48063661"
5975,98,"4.08877715"
5976,77326,"3364.52397767"
5977,85229,"0.95283233"
5978,27527,"1.50149968"
5979,28424,"1.54224826"
5980,7255,"1.81047578"
5981,254,"2.08887481"
5982,5934,"8.56711791"
5983,114,"40.53216698"
5984,8392,"0.17220971"
5985,11765,"5.9899206"
5986,7814,"4.69576497"
5987,22126,"18.4006858"
5988,58,"5.60819074"
5989,82697,"3.63413063"
5990,50045,"3.28406566"
5991,27315,"11.30591615"
5992,33744,"2.99488786"
5993,33707,"0.55994188"
5994,27315,"12.68570392"
5995,31121,"11.62825325"
5996,9944,"2.93949452"
5997,34,"11.54470644"
5998,11781,"5.48256138"
5999,82261,"12.88492445"
6000,18864,"0.89882831"
6001,11771,"0.66086489"
6002,5494,"6.05529792"
6003,4583,"1.4514149"
6004,254,"1.95393009"
6005,28424,"14.43136504"
6006,276,"9.26021852"
6007,22126,"18.4006858"
6008,22126,"18.4006858"
6009,58,"7.14918053"
6010,28649,"20.08815485"
6011,10004,"0.99607072"
6012,51762,"0.96291869"
6013,6174,"7.38797873"
6014,34744,"5.97058017"
6015,11847,"5.03315047"
6016,28424,"2.07955796"
6017,63878,"0.34577578"
6018,61,"3.86032265"
6019,34,"1.44867381"
6020,19188,"0.09247747"
6021,18290,"15.91044683"
6022,55153,"8.34210491"
6023,21,"1.10245581"
6024,14217,"5.29709852"
6025,47906,"9.28743845"
6027,77326,"3364.52397767"
6028,254,"1.30393155"
6029,85229,"2.42430557"
6030,44171,"2.79722354"
6031,340,"5.22046337"
6032,22126,"18.4006858"
6033,788,"12.18587025"
6034,63878,"0.34577578"
6035,28424,"1.54224826"
6036,114,"40.6371774"
6037,103,"8.72648107"
6038,11763,"5.38363155"
6039,82697,"3.63413063"
6040,34,"9.44156873"
6041,13977,"0.83575607"
6042,39841,"6.22533147"
6043,27315,"11.30591615"
6044,63614,"1.69283073"
6045,27315,"12.68570392"
6046,22116,"4.04031587"
6047,6174,"0.76011775"
6048,82261,"12.88492445"
6049,31117,"18.35671623"
6050,13682,"2.98237043"
6051,11781,"7.12179974"
6052,18864,"1.42569265"
6053,5494,"2.47903085"
6054,50126,"7.57355616"
6055,254,"2.19618403"
6056,28424,"14.43136504"
6057,277,"5.4287402"
6058,25470,"3.10200996"
6059,28649,"20.08815485"
6060,57,"14.7959389"
6061,10004,"0.99607072"
6062,51762,"10.34938981"
6063,34744,"5.97058017"
6064,11847,"6.48223103"
6065,28424,"2.07955796"
6066,57,"14.7959389"
6067,63878,"0.34577578"
6068,6174,"4.90548902"
6069,33709,"6.13677371"
6070,22121,"1.98707239"
6071,55153,"8.34210491"
6072,18292,"1.7215386"
6073,50051,"0.17811478"
6074,47906,"9.28743845"
6075,85230,"1.17856469"
6076,79654,"0.7322362"
6077,11771,"9.07655673"
6078,103,"4.52980739"
6079,77326,"3364.52397767"
6080,254,"0.20482344"
6081,6175,"3.56981763"
6082,28424,"1.54224826"
6083,44168,"2.38442639"
6084,3133,"1.98755019"
6085,22126,"18.4006858"
6086,71657,"2.95161274"
6087,82697,"3.63413063"
6088,6966,"119.55657907"
6089,768,"0.55203779"
6090,34,"2.03321293"
6091,39841,"5.53468007"
6092,27315,"11.30591615"
6093,27315,"12.68570392"
6094,6174,"0.76011775"
6095,82261,"12.88492445"
6096,11781,"3.14026214"
6097,13682,"2.98237043"
6098,50571,"10.12881945"
6099,5805,"0.66865038"
6100,5494,"3.26151227"
6101,13660,"1.70812896"
6102,254,"4.37553817"
6103,28424,"2.07955796"
6104,1421,"8.26894813"
6105,28424,"14.43136504"
6106,280,"8.18447353"
6107,57,"14.7959389"
6108,51760,"3.15557728"
6109,6174,"3.99399063"
6110,10004,"0.99607072"
6111,34744,"5.97058017"
6112,28424,"2.07955796"
6113,4004,"1.77827894"
6114,4004,"1.77827894"
6115,9025,"12.89910116"
6116,63878,"0.34577578"
6117,11769,"5.63164846"
6118,4004,"1.77827894"
6119,66785,"6.46070896"
6120,19193,"0.39201791"
6121,82704,"5.34282241"
6122,55153,"7.45898794"
6123,28604,"1.31761666"
6124,28604,"1.31761666"
6125,22100,"1.55753101"
6126,47906,"9.28743845"
6127,7923,"3.69070975"
6128,103,"4.52980739"
6129,28604,"1.31761666"
6130,77326,"3364.52397767"
6131,51652,"0.25478386"
6132,25470,"0.32248417"
6133,28424,"1.54224826"
6134,22121,"12.0485012"
6135,22126,"18.4006858"
6136,51760,"0.55297508"
6137,240,"90.72736999"
6138,8609,"4.66911047"
6139,85292,"6.53923763"
6140,82697,"3.63413063"
6141,5904,"3.71107361"
6142,50045,"8.00934554"
6143,44168,"1.89357824"
6144,60423,"1.63443633"
6145,27315,"10.20951379"
6146,273,"7.89020351"
6147,27315,"12.68570392"
6148,82261,"12.88492445"
6149,33573,"1.01705608"
6150,11781,"4.40379966"
6151,13682,"2.98237043"
6152,4541,"4.72225325"
6153,13658,"3.41483573"
6154,5494,"0.75925587"
6155,51652,"3.4251637"
6156,4005,"1.11333738"
6157,4005,"1.11333738"
6158,28424,"14.43136504"
6159,4082,"2.36608139"
6160,4005,"1.11333738"
6161,54443,"3.36801629"
6162,1421,"0.17294953"
6163,10004,"0.99607072"
6164,85141,"5.45357149"
6165,4004,"4.39587327"
6166,4004,"4.39587327"
6167,4004,"4.39587327"
6168,34744,"5.97058017"
6169,4005,"2.06646255"
6170,4005,"2.06646255"
6171,22115,"3.38638859"
6172,6174,"3.99399063"
6173,28424,"2.07955796"
6174,11767,"2.92641142"
6175,70,"0.58094627"
6176,78447,"1.91464786"
6177,22100,"1.37715961"
6178,7924,"4.00980633"
6179,47906,"9.28743845"
6180,63878,"0.34577578"
6181,9026,"5.60731496"
6182,55153,"7.45898794"
6183,4005,"2.06646255"
6184,28604,"9.84200516"
6185,77326,"3364.52397767"
6186,487,"4.3915816"
6187,103,"4.52980739"
6188,4048,"0.66855725"
6189,5894,"2.21367821"
6190,50049,"1.54190562"
6191,27315,"10.20951379"
6192,22126,"18.4006858"
6193,12926,"2.55778047"
6194,8602,"5.04646896"
6195,28424,"1.54224826"
6196,240,"0.92835012"
6197,82697,"3.63413063"
6198,66785,"9.02564814"
6199,33775,"0.33884583"
6200,27315,"14.02577609"
6201,66,"1.32210383"
6202,27315,"12.68570392"
6203,82261,"13.07160559"
6204,11781,"5.07991386"
6205,13682,"2.98237043"
6206,276,"2.0454259"
6207,79731,"3.53813931"
6208,6174,"3.99399063"
6209,644,"0.8820999"
6210,5494,"0.75925587"
6211,7802,"12.09819725"
6212,39853,"18.31282613"
6213,28424,"14.43136504"
6214,48314,"3.57872688"
6215,1422,"2.91571684"
6216,10004,"0.99607072"
6217,56056,"4.74540009"
6218,82261,"13.07160559"
6219,265,"6.23409165"
6220,284,"0.91912352"
6221,6174,"3.99399063"
6222,9026,"5.32019107"
6223,34744,"5.97058017"
6224,62,"3.89783537"
6225,28424,"2.07955796"
6226,63878,"0.34577578"
6227,9026,"7.74097806"
6228,10012,"0.24590029"
6229,78447,"0.25914397"
6230,55153,"13.51490466"
6231,22100,"1.37715961"
6232,22126,"18.4006858"
6233,54783,"3.04026443"
6234,47906,"9.2858498"
6235,102,"3.41301852"
6236,77326,"3364.52397767"
6237,48314,"4.96342618"
6238,191,"4.80902677"
6239,58674,"4.90510126"
6240,4048,"7.49971956"
6241,28424,"1.54224826"
6242,12926,"0.12363501"
6243,6757,"6.79968068"
6244,22126,"18.4006858"
6245,115,"3.23704665"
6246,7698,"2.76749273"
6247,82697,"4.99305526"
6248,70,"4.77027058"
6249,50046,"0.95343536"
6250,33775,"3.26364426"
6251,27315,"9.3571256"
6252,27315,"12.68570392"
6253,279,"7.86605377"
6254,82261,"13.07160559"
6256,13682,"2.98237043"
6257,79731,"1.85801867"
6258,68,"2.41528993"
6259,7802,"12.09819725"
6260,49826,"4.46081466"
6261,28424,"14.43136504"
6262,33762,"1.72639289"
6263,56056,"14.10291555"
6264,5494,"0.75925587"
6265,48314,"2.6522061"
6266,58606,"3.867597"
6267,10004,"0.99607072"
6268,4060,"0.07599701"
6269,4539,"6.7067137"
6270,34744,"5.97058017"
6271,6174,"0.88696775"
6272,28424,"2.07955796"
6273,9026,"2.86048698"
6274,63878,"0.34577578"
6275,62,"3.89783537"
6276,51712,"5.64734587"
6277,50759,"0.81543905"
6278,54783,"2.65416559"
6279,81038,"2.7115745"
6280,10013,"4.33157878"
6281,47906,"9.2858498"
6282,55153,"13.60669859"
6283,77326,"3364.52397767"
6284,48314,"4.42176277"
6285,191,"5.26775791"
6286,48314,"2.71676373"
6287,11781,"5.00232895"
6288,39853,"1.72515866"
6289,22100,"1.37715961"
6290,4048,"8.09554148"
6291,28424,"1.54224826"
6292,6572,"4.79073296"
6293,12924,"0.41456725"
6294,13603,"4.96613975"
6295,7698,"2.76749273"
6296,22126,"13.41562346"
6297,33707,"3.81343216"
6298,82697,"8.66308514"
6299,70,"1.01804901"
6300,33775,"0.09401079"
6301,13704,"80.50191467"
6302,63612,"0.2765938"
6303,279,"14.1394386"
6304,27315,"12.68570392"
6305,22125,"11.260261"
6306,11781,"4.98645342"
6307,13682,"2.98237043"
6308,5806,"2.35120123"
6309,7802,"4.63428519"
6310,5494,"0.75925587"
6311,28424,"14.43136504"
6312,4547,"2.17247898"
6313,49826,"1.24140497"
6314,33761,"2.63707185"
6315,58606,"3.867597"
6316,10006,"1.26201129"
6317,54442,"6.52554804"
6318,584,"1.58672319"
6319,4053,"1.11806014"
6320,10004,"0.99607072"
6321,34744,"5.97058017"
6322,28424,"2.07955796"
6323,62,"7.36746543"
6324,63878,"0.34577578"
6325,59072,"3.90363174"
6326,24506,"0.57811807"
6327,55153,"13.95393133"
6328,47906,"9.2858498"
6329,83132,"3.89983019"
8341,6171,"2.04062855"
6330,51712,"6.91915891"
6331,39395,"0.24799624"
6332,4344,"0.33448735"
6333,484,"5.59136917"
6334,20859,"0.09467249"
6335,77326,"3364.52397767"
6336,28424,"1.54224826"
6337,48314,"4.46752064"
6338,4048,"8.09554148"
6339,6571,"0.2241724"
6340,22126,"13.41562346"
6341,7699,"4.2750642"
6342,13603,"6.13605855"
6343,12924,"2.66818832"
6344,82697,"8.66308514"
6345,51666,"0.02356927"
6346,10013,"8.40557488"
6347,33775,"2.04202957"
6348,63612,"0.2765938"
6349,48314,"4.53266925"
6350,13704,"80.50191467"
6351,48314,"5.545807"
6352,48314,"5.545807"
6353,27315,"12.68570392"
6354,13682,"2.98237043"
6355,4060,"1.23847575"
6356,48314,"5.545807"
6357,5806,"1.66130052"
6358,5800,"3.36953004"
6359,5494,"0.75925587"
6360,22128,"6.87125496"
6361,11781,"4.94910081"
6362,33775,"0.45883941"
6363,78655,"4.85079747"
6364,28424,"14.43136504"
6365,4083,"0.2693697"
6366,28611,"5.16299832"
6367,10004,"0.99607072"
6368,54442,"6.52554804"
6369,6171,"0.51512948"
6370,2206,"4.12941787"
6371,281,"4.58192943"
6372,48314,"4.93984885"
6373,28424,"2.07955796"
6374,34744,"2.57208297"
6375,55147,"13.88713882"
6376,63878,"0.34577578"
6377,39409,"0.5333507"
6378,50768,"1.16791697"
6379,55153,"15.1535696"
6380,11775,"0.91090915"
6381,47906,"9.2858498"
6382,7921,"2.11468056"
6383,48314,"4.93984885"
6384,65394,"0.34092336"
6385,4344,"3.76942936"
6386,77326,"3364.52397767"
6387,484,"5.59136917"
6388,4048,"5.6904186"
8420,39411,"3.60562329"
6389,28424,"1.54224826"
6390,6752,"3.04487628"
6391,4897,"5.31220029"
6392,22125,"13.54896046"
6393,12924,"0.11018443"
6394,60424,"3.81335581"
6395,44662,"3.33069213"
6396,33778,"9.67033439"
6397,59072,"1.25660116"
6398,50045,"1.14875574"
6399,82697,"8.66308514"
6400,13704,"80.50191467"
6401,4107,"2.58122557"
6402,7302,"4.74159582"
6403,55152,"4.46612081"
6404,27315,"12.68570392"
6405,69546,"0.6025395"
6406,59721,"2.13326335"
6407,48314,"5.545807"
6408,5494,"0.75925587"
6409,50045,"4.64315701"
6410,48314,"5.545807"
6411,48314,"5.545807"
6412,250,"0.96772588"
6413,5587,"0.48368383"
6414,28424,"14.43136504"
6415,48314,"5.545807"
6416,54442,"6.52554804"
6417,10004,"0.99607072"
6418,39405,"0.20212079"
6419,28611,"2.25473055"
6420,282,"3.99862445"
6421,11781,"4.94469938"
6422,6172,"8.25974303"
6423,34744,"1.19210696"
6424,50949,"100.08338169"
6426,51711,"85.02915279"
6427,28424,"2.07955796"
6428,12129,"4.30965651"
6429,33759,"3.55961209"
6430,7921,"0.14612043"
6431,55153,"15.26811079"
6432,47906,"9.2858498"
6433,48314,"4.93984885"
6434,5928,"9.44834602"
6435,77326,"3364.52397767"
6436,4344,"3.76942936"
6437,50768,"2.16025487"
6438,19520,"5.41293888"
6439,9998,"13.39131929"
6440,57,"14.7959389"
6441,28424,"1.54224826"
6442,22128,"3.68726917"
6443,44045,"1.32895423"
6444,6748,"4.57320898"
6445,59632,"0.51272798"
6446,60424,"3.81335581"
6447,13211,"0.58177431"
6448,57,"14.7959389"
6449,82697,"8.66308514"
6450,39412,"1.52484953"
6451,50045,"1.15139611"
6452,5888,"23.30495265"
6453,55153,"1.77417582"
6454,4097,"0.15589768"
6455,27315,"12.68570392"
6456,50306,"2.8373535"
6457,72477,"1.12808634"
6458,5579,"0.56193589"
6459,33764,"2.53015009"
6460,5494,"2.84905275"
6461,11781,"4.92796917"
6462,28424,"14.43136504"
6463,247,"3.35687942"
6464,7218,"7.78578759"
6465,48314,"5.545807"
6466,28611,"2.39384219"
6467,37,"1.01492572"
6468,10004,"0.99607072"
6469,255,"0.90208642"
6470,64855,"1.10798207"
6471,54442,"6.52554804"
6472,34744,"2.01902081"
6473,33744,"5.13732659"
6474,3103,"5.20350229"
6475,28424,"2.07955796"
6476,85846,"93.20896526"
6477,8387,"0.88430326"
6478,54349,"2.09426589"
6479,12599,"3.32816659"
6480,50949,"3.43615954"
6481,55153,"14.69822302"
6482,47906,"9.2858498"
6483,7921,"0.49156284"
6484,788,"10.21033728"
6485,48314,"4.93984885"
6486,4344,"9.96157038"
6487,49826,"0.56882007"
6488,77326,"3364.52397767"
6489,4101,"2.89600753"
6490,9998,"13.39131929"
6491,28424,"1.54224826"
6492,44050,"4.61861235"
6493,14244,"5.04395666"
6494,60424,"3.81335581"
6495,6748,"4.57320898"
6496,46,"5.54240581"
6497,59632,"0.51272798"
6498,82697,"16.70984926"
6499,39411,"3.19176402"
6500,50045,"1.15139611"
6501,69,"0.82307602"
6502,27315,"12.68570392"
6503,4098,"1.26069268"
6504,11781,"4.93690902"
6505,33829,"5.79691311"
6506,72477,"2.01204507"
6507,50306,"4.6686187"
6508,5581,"1.62338757"
6509,5494,"0.15822543"
6510,13649,"2.51842557"
6511,245,"4.29712793"
6512,55153,"0.90190435"
6513,48314,"5.545807"
6514,28424,"13.43871756"
6515,28637,"1.08486241"
6516,10004,"0.99607072"
6517,54442,"1.01704546"
6518,4083,"2.16469389"
6519,78,"3.12234702"
6520,27525,"2.96545904"
6521,28424,"2.07955796"
6522,308,"10.55398729"
6523,54349,"4.65562542"
6524,8387,"2.78354275"
6525,55153,"14.26971632"
6526,83893,"0.95517796"
6527,68598,"49.58612044"
6528,34744,"0.22921401"
6529,8387,"0.15876873"
6530,47906,"9.2858498"
6531,7919,"2.87200254"
6532,5910,"1.09562552"
6533,48314,"4.93984885"
6534,77326,"3363.99455778"
6535,4344,"8.72560151"
6536,22104,"7.0436888"
6537,3104,"4.05536333"
6538,28424,"4.81007918"
6539,63613,"2.20819416"
6540,49826,"6.56907745"
6541,6748,"4.60559161"
6542,44206,"1.7714671"
6543,14244,"3.2267035"
6544,60424,"3.81335581"
6545,59637,"2.14251673"
6546,82697,"16.70984926"
6547,13719,"4.44019398"
6548,69,"0.050981"
6549,55153,"0.90190435"
6550,6801,"5.43375797"
6551,50045,"1.15139611"
6552,27315,"12.68570392"
6553,33564,"5.79590778"
6554,21,"7.86741573"
6555,5649,"4.47786757"
6556,7196,"0.56065369"
6557,13675,"3.64397783"
6558,117,"3.44295458"
6559,28424,"13.43871756"
6560,11781,"4.99420804"
6561,5577,"2.1984457"
6562,7194,"7.77633428"
6563,48314,"5.545807"
6564,85277,"2.92895146"
6565,22124,"0.58219522"
6566,10004,"0.99607072"
6567,39405,"11.31039593"
6568,63875,"2.55659036"
6569,82,"4.51416385"
6570,34744,"0.22921401"
8631,6171,"2.04062855"
6571,58674,"11.24909067"
6572,28424,"1.57228236"
6573,27523,"3.61942245"
6574,25257,"2.08014759"
6575,11991,"2.45584632"
6576,7913,"2.94688178"
6577,47906,"9.2858498"
6578,8387,"3.52438428"
6579,77326,"3363.99455778"
6580,55153,"14.26971632"
6581,48314,"4.93984885"
6582,191,"1.05519343"
6583,78656,"8.44895153"
6584,68598,"49.58612044"
6585,785,"0.37246996"
6586,44214,"3.08792409"
6587,66,"4.48229474"
6588,28424,"4.81007918"
6589,14244,"0.60437067"
6590,59635,"3.13240566"
6591,2754,"4.62032721"
6592,60423,"5.68479982"
6593,82697,"16.70984926"
6594,70880,"7.38434952"
6595,116,"4.32058666"
6596,50045,"1.15139611"
6597,55153,"0.90190435"
6598,69,"0.27014669"
6599,27315,"12.68570392"
6600,13652,"1.05070253"
6601,7196,"0.99682352"
6602,33563,"6.67939606"
6603,11781,"5.04277567"
6604,7212,"3.050162"
6605,116,"4.56931136"
6606,5500,"2.1497752"
6607,5651,"3.08846419"
6608,28424,"13.43871756"
6609,9928,"14.44341608"
6610,48314,"5.545807"
6611,6222,"2.69653771"
6612,22124,"1.18070383"
6613,10004,"0.99607072"
6614,22103,"2.28599595"
6615,34744,"0.22921401"
6616,85,"0.60363667"
6617,488,"7.77053717"
6618,28424,"1.08883657"
6619,116,"4.32058666"
6620,7478,"3.97133001"
6621,70475,"0.7863087"
6622,11991,"4.89612857"
6623,55153,"14.2944503"
6624,47906,"9.2858498"
6625,11991,"3.75021048"
6626,68598,"49.58612044"
6627,7913,"1.97724899"
6628,6503,"2.50098251"
6629,191,"1.05519343"
8683,69992,"0.31769052"
6630,77326,"3363.99455778"
6631,48314,"4.93984885"
6632,247,"0.48582024"
6633,2228,"6.51697664"
6634,2228,"6.51697664"
6635,28424,"4.81007918"
6636,66585,"1.02817155"
6637,4214,"0.23020304"
6638,60424,"0.5808624"
6639,6750,"5.2154425"
6640,14244,"0.60437067"
6641,34745,"9.05937785"
6642,82697,"16.70984926"
6643,44219,"2.78615408"
6644,13730,"1.06130269"
6645,50045,"1.15139611"
6646,70,"3.65706232"
6647,27315,"12.68570392"
6648,9954,"2.91405187"
6649,11779,"32.98370758"
6650,50589,"5.84811736"
6651,59150,"4.25344247"
6652,5500,"2.28374226"
6653,55153,"0.90190435"
6654,116,"4.899565"
6655,48314,"5.545807"
6656,7204,"0.93287062"
6657,6675,"4.77341701"
6658,28424,"13.43871756"
6659,22124,"2.73927445"
6660,10004,"0.99607072"
6661,9948,"3.26734494"
6662,7312,"4.67052311"
6663,7478,"15.57028015"
6664,85,"13.00891073"
6665,34744,"0.22921401"
6666,68555,"0.33421546"
6667,492,"4.23949472"
6668,28424,"1.08883657"
6669,68598,"49.58612044"
6670,116,"8.1673066"
6671,11991,"5.80082158"
6672,25311,"1.23952247"
6673,11991,"1.38887159"
6674,7914,"5.4451859"
6675,47906,"9.2858498"
6676,783,"0.9875254"
6677,55153,"14.0893752"
6678,31127,"1.21029623"
6679,77326,"3363.99455778"
6680,48314,"4.93984885"
6681,245,"2.91809304"
6682,44222,"2.83641964"
6683,28424,"4.81007918"
6684,3224,"5.53894203"
6685,34745,"27.36977433"
6686,2235,"2.45061358"
6687,14244,"2.97049077"
6688,82697,"16.70984926"
8779,84536,"8.6223277"
6689,60424,"0.5808624"
6690,50045,"1.15139611"
6691,10012,"5.47424737"
6692,4214,"0.32108483"
6693,59150,"4.25344247"
6694,27315,"12.68570392"
6695,11779,"6.36163963"
6696,55153,"0.90190435"
6697,78551,"0.7530179"
6698,452,"2.99074377"
6699,13730,"0.22975218"
6700,7207,"8.12376239"
6701,5500,"2.28374226"
6702,28424,"13.43871756"
6704,48314,"5.545807"
6705,6675,"3.28968496"
6706,22118,"1.29263587"
6707,10004,"0.99607072"
6708,3991,"7.98335438"
6709,9915,"1.58906492"
6710,14247,"7.6817501"
6711,14247,"7.6817501"
6712,68120,"0.61601271"
6713,34744,"0.22921401"
6714,28424,"1.08883657"
6715,116,"8.3411843"
6716,85,"11.23318244"
6717,4100,"5.89527493"
6718,68598,"49.58612044"
6719,55153,"14.23813395"
6720,9763,"0.26788581"
6721,7910,"2.3119392"
6722,47906,"9.2858498"
6723,783,"3.34398474"
6724,77326,"3363.99455778"
6725,48314,"4.93984885"
6726,237,"2.09861317"
6727,65394,"15.57585391"
6728,65394,"15.57585391"
6729,8387,"2.24403677"
6730,254,"3.32337185"
6731,28424,"4.81007918"
6732,65394,"15.57585391"
6733,51666,"4.26750064"
6734,5954,"1.27364005"
6735,44276,"1.46731438"
6736,50949,"25.99440516"
6737,4214,"0.32108483"
6738,82697,"16.70984926"
6739,50045,"1.15139611"
6740,10014,"4.64311264"
6741,70312,"3.43261146"
6742,55153,"0.90190435"
6743,14203,"2.39319258"
6744,27315,"12.68570392"
6745,10091,"0.84421382"
6746,1185,"6.98146522"
6747,59150,"4.25344247"
6748,71008,"0.30136077"
6749,65053,"2.70189437"
6750,13730,"0.22975218"
6751,5500,"0.22174188"
6752,7206,"1.44658345"
6753,451,"3.84111942"
6754,66862,"0.0857581"
6755,28424,"13.43871756"
6756,11779,"3.96530325"
6757,6673,"4.62145706"
6758,48314,"5.545807"
6759,73251,"9.16916988"
6760,3991,"7.98335438"
6761,59722,"2.85736081"
6762,22118,"1.29263587"
6763,10004,"0.99607072"
6764,73251,"4.90972443"
6765,34744,"0.22921401"
6766,85,"11.23318244"
6767,28424,"8.93957286"
6768,39406,"2.6738321"
6769,115,"10.49977797"
6770,50951,"0.56590273"
6771,253,"2.88799377"
6772,8387,"4.58044063"
6773,55153,"12.91078872"
6774,163,"4.32671846"
6775,47906,"3.91543691"
6776,48314,"5.18702855"
6777,77326,"3363.99455778"
6778,10108,"8.48517559"
6779,68598,"49.58612044"
6780,7910,"2.00889586"
6781,28424,"7.0370142"
6782,44276,"4.6673394"
6783,65394,"65.12747253"
6784,6552,"3.518772"
6785,50949,"0.94492643"
6786,50573,"3.86378694"
6787,4214,"2.94798994"
6788,14207,"0.9817501"
6789,82697,"16.70984926"
6790,10004,"0.99607072"
6791,64948,"2.53157196"
6792,13730,"0.22975218"
6793,10014,"3.17368307"
6794,50045,"1.15139611"
6795,116,"5.79835941"
6796,27315,"12.68570392"
6797,59150,"4.25344247"
6798,11843,"5.46647881"
6799,7194,"4.54204301"
6800,55153,"0.90190435"
6801,18829,"2.28292338"
6802,64368,"1.63037195"
6803,5563,"4.121624"
6804,63877,"3.84647243"
6805,28424,"13.43871756"
6806,48314,"2.61487981"
6807,70312,"0.24386819"
6808,3991,"7.98335438"
6809,6670,"9.25433706"
6810,10004,"0.99607072"
6811,22118,"1.29263587"
6812,9743,"5.95051716"
6813,90,"4.16832286"
6814,321,"3.63881912"
6815,6685,"4.09802661"
6816,9945,"4.68611078"
6817,45846,"1.94826826"
6818,34744,"0.22921401"
6819,28424,"8.86957277"
6820,4126,"0.30230996"
6821,58574,"1.53260141"
6822,68598,"49.58612044"
6823,6685,"2.36862049"
6824,6685,"2.36862049"
6825,54777,"4.38362937"
6826,55153,"11.49365042"
6827,231,"2.78339599"
6828,6685,"2.36862049"
6829,48314,"5.25207346"
6830,28602,"4.40896932"
6831,77326,"3363.99455778"
6832,63883,"8.21805037"
6833,116,"2.91465305"
6834,116,"2.91465305"
6835,8387,"1.16015329"
6836,28424,"9.65552847"
6837,85846,"121.95765329"
6838,64948,"2.06411126"
6839,44276,"5.26841109"
6840,308,"2.80823624"
6841,7881,"1.52743704"
6842,3075,"3.68579251"
6843,14207,"0.9817501"
6844,116,"2.91465305"
6845,78655,"1.62831687"
6846,82697,"16.33527794"
6847,13730,"0.22975218"
6848,50045,"1.15139611"
6849,9945,"7.08844453"
6850,9945,"7.08844453"
6851,10014,"5.61070773"
6852,14249,"4.92836105"
6853,55153,"0.90190435"
6854,7801,"0.16885035"
6855,27315,"12.68570392"
6856,9945,"7.08844453"
6857,11846,"11.62170241"
6858,7218,"1.70407473"
6859,65060,"1.82098751"
6860,5553,"5.91582105"
6861,59970,"3.40826006"
6862,28424,"14.19979263"
6863,22120,"1.60475141"
6864,6219,"5.57944453"
6865,6670,"8.75860797"
6866,48314,"2.61487981"
6867,10004,"1.39448412"
6868,34744,"0.22921401"
6869,28424,"8.86957277"
6870,28461,"1.81234751"
6871,76255,"2.03682768"
6872,4126,"2.15031346"
6873,58574,"1.53027801"
6874,7911,"3.37162159"
6875,55153,"11.9323091"
6876,6185,"0.16967861"
6877,64381,"2.53450538"
6878,8387,"1.16015329"
6879,68598,"49.58612044"
6880,77326,"3363.99455778"
6881,230,"2.2385736"
6882,3128,"7.58698697"
6883,48314,"5.25207346"
6884,251,"1.9661152"
6885,6685,"1.19913892"
6886,44193,"4.70240594"
6887,14207,"0.9817501"
6888,3076,"4.2425288"
6889,58674,"6.93504566"
6890,3683,"0.90970324"
6891,116,"0.4590308"
6892,28424,"9.65552847"
6893,68598,"52.77013561"
6894,82697,"12.7227813"
6895,250,"4.72352528"
6896,45789,"6.79148532"
6897,50045,"1.15139611"
6898,36678,"3.55266107"
6899,13730,"0.22975218"
6900,55153,"0.90190435"
6901,27315,"13.81540287"
6902,64948,"2.06411126"
6903,64959,"8.92889074"
6904,42279,"0.77818156"
6905,11846,"20.34450218"
6906,39405,"2.93694085"
6907,71777,"3.24971142"
6908,10057,"1.66074348"
6909,449,"5.81343245"
6910,11302,"1.86220105"
6911,27527,"1.44721406"
6912,48314,"2.61487981"
6913,28424,"14.19979263"
6914,56056,"19.70127205"
6915,28431,"1.53714132"
6916,281,"1.92755163"
6917,6670,"8.75860797"
6918,93,"13.20470827"
6919,6185,"1.71118368"
6920,28424,"8.86957277"
6921,3982,"2.54253538"
6922,34744,"0.22921401"
6923,4126,"2.15031346"
6924,58574,"1.12812206"
6925,86551,"2.99822985"
6926,55153,"12.10647712"
6927,54777,"3.90452585"
6928,68598,"49.58612044"
6929,84997,"7.39322732"
6930,48065,"3.38269732"
6931,48314,"5.25207346"
9028,84536,"25.65384252"
6932,28594,"10.96174365"
6933,6685,"0.58876603"
6934,77326,"3363.99455778"
6935,3076,"5.58488785"
6936,247,"5.8625872"
6937,85846,"61.56109961"
6938,8507,"2.62106766"
6939,488,"0.12547135"
6940,66862,"2.55799793"
6941,3681,"8.2602365"
6942,8387,"1.5594666"
6943,1173,"1.64092539"
6944,28424,"9.65552847"
6945,44193,"3.64242793"
6946,13730,"7.05715155"
6947,82697,"8.06762062"
6948,45789,"6.79148532"
6949,13758,"0.82666714"
6950,33775,"0.77726637"
6951,39840,"2.30283907"
6952,27315,"13.81540287"
6954,39404,"4.24666715"
6955,13686,"4.55959821"
6956,11302,"3.53682516"
6957,33744,"5.50397245"
6958,28424,"14.19979263"
6959,71775,"1.67044945"
6960,55153,"0.90190435"
6961,48314,"2.61487981"
6962,8678,"0.64402831"
6963,282,"3.14204489"
6964,59,"7.44701969"
6965,6224,"6.79448636"
6966,34744,"0.22921401"
6967,6975,"3.98311837"
6968,3983,"0.13516771"
6969,249,"0.64573922"
6970,28424,"8.86957277"
6971,449,"5.81343245"
6972,4126,"2.15031346"
6973,58574,"0.98147967"
6974,68598,"49.58612044"
6975,6185,"2.37883719"
26,8265,"4.66256033"
27,59,"4.55225602"
28,4023,"6.14902497"
29,203,"25.27183936"
30,85277,"1.95307885"
31,54038,"0.9864637"
32,63876,"0.91933943"
33,704,"5.5135722"
34,7472,"0.78755108"
35,82346,"5.86524562"
36,34744,"0.22944971"
37,5311,"2.3186136"
38,77326,"3201.03567358"
39,85457,"6.18335406"
40,51631,"0.14937574"
41,45838,"4.80079153"
42,55098,"1.29299211"
66,2692,"5.54527131"
67,14212,"3.82182291"
68,48314,"4.39206629"
69,55098,"4.78685669"
70,55153,"12.10614492"
71,9901,"4.31580644"
72,59569,"1.19532423"
73,48,"7.80751307"
74,28635,"4.56283051"
75,2693,"4.71077087"
76,2693,"4.71077087"
77,48022,"3.0001802"
78,59,"4.55225602"
79,203,"25.27183936"
80,254,"0.19203976"
81,55153,"12.54905408"
82,85277,"1.95307885"
83,38953,"1.04869632"
84,58800,"0.45367187"
85,82346,"5.86524562"
86,85229,"3.54848462"
87,77326,"3113.14025905"
88,2317,"0.99028796"
89,66575,"0.7733749"
90,39388,"3.81511726"
91,27449,"1.027714"
92,117,"11.27574376"
93,8906,"1.00364235"
94,85457,"6.18335406"
95,8711,"1.41806389"
43,6542,"4.29903929"
44,8251,"4.55075707"
45,55138,"1.51040316"
46,74594,"6.77701819"
47,13418,"0.43343572"
48,28424,"0.44971303"
49,57,"13.09446898"
50,1228,"0.10658727"
51,484,"4.24614454"
52,50821,"0.24921594"
53,55153,"5.60593931"
54,41003,"0.3449269"
55,2229,"4.36495626"
6976,55008,"3.74344769"
6977,47919,"3.08735769"
6978,84997,"0.0373755"
6979,6685,"0.58876603"
6980,48314,"5.26117837"
6981,77326,"3363.99455778"
6982,55153,"11.73499527"
6983,28594,"10.96174365"
6984,44192,"0.69483635"
6985,28424,"9.65552847"
6986,3076,"5.40166089"
6987,51652,"2.09822629"
6988,3617,"9.52360603"
6989,14213,"5.19121321"
6990,1171,"2.42454111"
6991,76255,"8.94020129"
6992,11781,"5.00232895"
6993,245,"0.04799423"
6994,85846,"61.56109961"
6995,82697,"10.07783962"
6996,55016,"29.76630741"
6997,39841,"2.82119548"
6998,12132,"6.63879387"
6999,11781,"5.00232895"
7000,8157,"3.29646866"
7001,55153,"0.90190435"
7002,27315,"13.81540287"
7003,8388,"1.49255476"
7004,22091,"5.66660125"
7005,9925,"1.65255416"
7007,51627,"1.62233436"
7008,7837,"7.91500277"
7009,65595,"2.83518487"
7010,28424,"16.10340362"
7011,6175,"7.78597087"
7012,48314,"2.61487981"
7013,6224,"6.79448636"
7014,64855,"2.23927465"
7015,33709,"3.96633539"
7016,13993,"0.17653317"
7017,8906,"0.40347622"
7018,34744,"0.22921401"
7019,28424,"8.86957277"
7020,87079,"0.92607721"
7021,6977,"15.69647356"
7022,472,"3.31609163"
7023,4126,"2.15031346"
7024,6832,"2.62243053"
7025,54777,"3.95554553"
7026,12133,"1.94220295"
7027,55153,"11.44215335"
7028,68598,"49.58612044"
7029,449,"5.81343245"
7030,6685,"0.58876603"
7031,77326,"3363.99455778"
7032,31192,"6.8356299"
7033,731,"6.39759773"
7034,84997,"0.26027938"
7035,48314,"5.26117837"
7036,28424,"9.65552847"
7037,1170,"1.51633362"
7038,3076,"3.81245774"
7039,63432,"5.88545781"
7040,240,"3.10524773"
7041,3670,"2.42757834"
7042,14213,"3.50184829"
7043,27527,"1.6209132"
7044,85846,"61.56109961"
7045,82697,"5.49394762"
7046,51651,"3.84952868"
7047,4018,"14.16794418"
7048,34734,"2.13725046"
7049,39841,"2.01199129"
7050,50064,"1.7264123"
7051,27315,"17.21266015"
7052,9925,"0.07723508"
7053,22096,"17.41805691"
7054,764,"20.67945862"
7055,8388,"1.4931353"
7056,18832,"25.7256943"
7057,449,"5.81343245"
7058,4042,"1.76545937"
7059,55153,"0.90190435"
7060,6173,"0.91327501"
7061,48314,"2.61487981"
7062,13993,"3.01422094"
7063,28425,"11.6779706"
7064,39404,"2.17178907"
7065,33709,"4.93350121"
7066,4166,"17.09398313"
7067,8906,"10.71014463"
7068,28424,"8.86957277"
7069,34744,"0.22921401"
7070,5644,"8.89898855"
7071,19517,"4.52976083"
7072,68598,"49.58612044"
7073,4126,"2.15031346"
7074,50956,"1.85676666"
7075,55153,"10.37524756"
7076,10054,"0.17601463"
7077,51509,"1.82540164"
7078,254,"0.31092821"
7079,15675,"0.7188593"
7080,48314,"5.26117837"
7081,77326,"3363.99455778"
7082,31192,"6.8356299"
7083,6685,"0.58876603"
7084,13750,"0.17929141"
7085,28424,"9.65552847"
7086,14213,"7.13080604"
7087,79638,"0.23064538"
7088,7132,"188.80410081"
7089,19634,"3.68719109"
7090,68598,"55.12241551"
7091,82697,"5.69676552"
7092,4021,"56.96202283"
7093,123,"6.03609205"
7094,3655,"8.88427552"
7095,44002,"1.47644002"
7096,88081,"1.96669601"
7097,55153,"0.90190435"
7098,27527,"2.52627259"
7099,39841,"2.01199129"
7100,27315,"18.38520876"
7101,44482,"0.30780333"
7102,7821,"22.49156995"
7103,129,"11.17242036"
7104,18832,"36.57343814"
7105,4101,"2.85945551"
7106,3972,"1.00493262"
7107,28425,"8.59952905"
7108,48314,"2.61487981"
7109,13967,"2.13826315"
7110,6171,"2.67599229"
7111,22115,"6.72963421"
7112,4090,"10.67166787"
7113,488,"3.38189979"
7114,33754,"6.66775579"
7115,449,"5.54665666"
7116,34744,"0.22921401"
7117,66576,"4.29556273"
7118,5644,"8.94847226"
7119,4166,"5.68121985"
7120,328,"7.68932528"
7121,4126,"2.15031346"
7122,28424,"8.86957277"
7123,50958,"1.54857893"
7124,51509,"2.64261343"
7125,68598,"49.58612044"
7126,31207,"3.81869953"
7127,55153,"9.42712481"
7128,77326,"3363.99455778"
7129,48314,"5.26117837"
7130,10016,"1.59130136"
7131,58651,"1.52815255"
7132,31192,"6.8356299"
7133,9872,"5.74848814"
7134,19632,"3.04008557"
7135,7536,"2.77668263"
7136,46617,"0.79006931"
7137,114,"67.61827966"
7138,68598,"55.12241551"
7139,3655,"0.70621358"
7140,28424,"9.65552847"
7141,64883,"5.90571985"
7142,82697,"8.05705066"
7143,63876,"6.0623378"
7144,121,"0.98450756"
7145,25,"4.09112807"
7146,39841,"2.01199129"
7147,5153,"1.40257527"
7148,1704,"1.69429756"
7149,22111,"12.09750268"
7150,27315,"20.85340515"
7151,55153,"0.90190435"
7152,13994,"3.41641445"
7153,4085,"3.46120782"
7154,19178,"4.78889294"
7155,18832,"36.57343814"
7156,3972,"6.99292744"
7157,6171,"2.67599229"
7158,28425,"8.72418021"
7159,13977,"0.03293107"
7160,48314,"2.61487981"
7161,126,"3.98356634"
7162,19520,"4.40166515"
7163,39406,"1.08047605"
7164,55161,"2.85814966"
7165,39410,"1.1415934"
7166,34744,"0.22921401"
7167,28424,"8.86957277"
7168,239,"4.4017244"
7169,328,"12.10415916"
7170,1322,"0.24025083"
7171,10016,"2.97674692"
7172,31190,"0.32200976"
7173,55153,"9.07085994"
7174,5644,"5.12308935"
7175,4126,"2.15031346"
7176,11270,"1.33120115"
7177,68598,"49.58612044"
7178,48314,"4.81180355"
7179,51509,"3.15098475"
7180,31192,"6.8356299"
7181,77326,"3363.99455778"
7182,51533,"3.10683241"
7183,28424,"9.65552847"
7184,45843,"71.49357725"
7185,64883,"0.33353776"
7186,12786,"1.89053751"
7187,82697,"1.21025616"
7188,66575,"9.00471481"
7189,83132,"18.92809896"
7190,68598,"55.12241551"
7191,3655,"0.70621358"
7192,9994,"65.49473805"
7193,1827,"2.80144578"
7194,121,"2.1350792"
7195,39841,"7.20819244"
7196,58931,"0.0637669"
7197,5160,"4.29491983"
7198,27315,"21.28173421"
7199,8424,"14.93771329"
7200,7448,"0.11242931"
7201,4064,"3.49986104"
7202,6217,"6.43212378"
7203,18832,"36.57343814"
7204,33834,"0.65199736"
7205,55153,"0.90190435"
7206,3974,"4.11160446"
7208,28425,"8.72418021"
7209,13977,"4.50182553"
7210,48314,"2.61487981"
7211,55161,"2.85814966"
7212,48314,"0.44075458"
7213,12133,"3.68190977"
7214,235,"4.80862012"
7215,28424,"8.86957277"
7216,51635,"8.95540729"
7217,34744,"0.22921401"
7218,49826,"1.21840082"
7219,5644,"3.72738869"
7220,39406,"0.70526017"
7221,4126,"2.15031346"
7222,1320,"0.59038374"
7223,10016,"2.97674692"
7224,68598,"49.58612044"
7225,731,"6.20802284"
7226,55153,"8.99835568"
7227,11270,"1.3009302"
7228,48314,"4.81180355"
7229,77326,"3363.99455778"
7230,31192,"6.8356299"
7231,51509,"1.36950965"
7232,51536,"3.25915578"
7233,12786,"1.13810978"
7234,28424,"9.65552847"
7235,55007,"0.47055834"
7236,5937,"5.81893868"
7237,3657,"9.10591438"
7238,68594,"36.33453962"
7239,64883,"1.83108271"
7240,65603,"7.67212242"
7241,237,"7.44697303"
7242,118,"14.02648955"
7243,68598,"55.12241551"
7244,58924,"3.55384799"
7245,45801,"3.59893986"
7246,39394,"0.18632128"
7247,121,"2.18513335"
7248,8424,"14.93771329"
7249,27315,"21.28173421"
7250,4080,"3.54444242"
7251,18832,"36.57343814"
7252,3974,"3.06321778"
7253,6217,"0.40607505"
7254,6171,"2.67599229"
7255,28425,"8.72418021"
7256,66,"4.08672074"
7257,75295,"10.53201162"
7258,48314,"2.61487981"
7259,13977,"4.50182553"
7260,49826,"1.86035471"
7261,4126,"4.76627062"
7262,55153,"0.90190435"
7263,10016,"1.52447235"
7264,89061,"6.51412309"
7265,34744,"0.22921401"
7266,28424,"8.86957277"
7267,5645,"0.64853357"
7268,4126,"2.15031346"
7269,312,"8.07896967"
7270,3822,"2.06249674"
7271,59998,"2.85666726"
7272,68598,"49.58612044"
7273,731,"4.22969454"
7274,45679,"0.9909525"
7275,55153,"8.7279808"
7276,51536,"8.83625026"
7277,77326,"3363.99455778"
7278,73024,"0.29557809"
7279,11270,"1.3009302"
7280,48314,"4.81180355"
7281,31192,"6.8356299"
7282,12786,"6.88025938"
7283,28424,"9.65552847"
7284,85846,"3.81621962"
7285,727,"8.53842034"
7286,64883,"1.83108271"
7287,27315,"98.92917882"
7288,3052,"28.51465748"
7289,237,"10.93398013"
7290,68598,"55.12241551"
7291,66861,"2.72587832"
7292,52391,"4.42546596"
7293,52980,"0.78021682"
7294,58924,"12.69075703"
7295,33763,"2.58097118"
7296,27315,"21.28173421"
7297,89061,"6.51412309"
7298,13674,"1.39740849"
7299,8424,"14.93771329"
7300,75296,"1.00850794"
7301,18832,"40.36738425"
7302,45802,"2.48590102"
7303,3975,"2.70096568"
7304,6171,"2.67599229"
7305,48314,"5.72034666"
7306,4337,"2.87593942"
7307,60423,"1.44898315"
7308,86552,"2.61069574"
7309,28425,"8.72418021"
7310,13977,"4.8381123"
7311,4126,"5.0364677"
7312,55153,"0.44342905"
7313,34744,"0.22921401"
7314,51666,"2.55774167"
7315,28424,"8.86957277"
7316,12248,"13.04159332"
7317,312,"13.00825851"
7318,59998,"7.84394602"
7319,4126,"2.15031346"
7320,45679,"2.8482256"
7321,3822,"1.58256747"
7322,11270,"4.05739181"
7323,59998,"0.27542956"
7324,10058,"5.2717977"
7325,6686,"5.58593708"
7326,55809,"3.95018522"
7327,48314,"4.81180355"
7328,55153,"9.68750863"
7329,77326,"3363.99455778"
7330,68598,"49.58612044"
7331,28424,"9.65552847"
7332,12786,"7.83694392"
7333,65597,"17.06035966"
9476,50,"0.3535091"
7334,68598,"1.89770132"
7335,64883,"1.83108271"
7336,68598,"54.65515798"
7337,1995,"0.98977852"
7338,727,"7.31495798"
7339,7985,"11.83542813"
7340,13704,"11.68281803"
7341,237,"10.69268355"
7342,116,"1.02347327"
7343,33759,"2.0763671"
7344,58924,"8.26503892"
7345,45802,"2.48590102"
7346,55153,"0.44342905"
7347,27315,"21.28173421"
7348,89061,"6.51412309"
7349,75296,"1.00850794"
7350,13674,"0.08173722"
7351,8424,"14.93771329"
7352,18832,"32.34047254"
7353,319,"6.26005902"
7354,6171,"2.67599229"
7355,4335,"2.20843142"
7356,28425,"8.20427635"
7357,27315,"10.20951379"
7358,48314,"6.02073947"
7359,71657,"3.1561171"
7360,4126,"5.0364677"
7361,51666,"10.4447027"
7362,250,"4.79783108"
7363,59998,"7.33425793"
7364,66,"3.1565176"
7365,34744,"0.22921401"
7366,28655,"11.26957235"
7367,312,"11.3084487"
7368,4126,"2.15031346"
7369,28424,"8.86957277"
7370,3680,"2.99864789"
7371,68598,"49.58612044"
7372,59998,"0.24227383"
7373,55153,"10.14601438"
7374,28602,"5.41503925"
7375,2556,"8.32596565"
7376,77326,"3363.99455778"
7377,48314,"4.81180355"
7378,55809,"1.82657974"
7379,22086,"2.10415615"
7380,10918,"2.33293844"
7381,68598,"1.11787777"
7382,51167,"1.99381438"
7383,28424,"9.65552847"
7384,2000,"1.09619608"
7385,13703,"10.30474645"
7386,65597,"17.06035966"
7387,68598,"57.13001453"
7388,116,"6.40814613"
7389,237,"10.09697734"
7390,64883,"1.83108271"
7391,33762,"0.41357013"
7392,55153,"0.44342905"
7393,58924,"8.26503892"
7394,7988,"4.80153101"
7395,9886,"17.22669582"
7396,27315,"20.61713798"
7397,5929,"13.1886741"
7398,89061,"6.51412309"
7399,18832,"0.43160881"
7400,45802,"2.48590102"
7401,13671,"2.37083751"
7402,4335,"2.07809573"
7403,28425,"5.5560162"
7404,6171,"2.67599229"
7405,48314,"5.84171148"
7406,4126,"3.21812448"
7407,50573,"3.26135664"
7408,246,"1.65019633"
7409,318,"6.60437908"
7410,6658,"4.73640863"
7411,59998,"7.33425793"
9954,24339,"0.56086576"
9955,55153,"0.69102964"
9956,39404,"6.42926326"
9957,48314,"15.70010456"
9958,304,"0.69491321"
9959,28424,"3.85258276"
9960,279,"4.71395429"
9961,77326,"3355.9941408"
9962,6057,"8.23813821"
9963,9408,"4.78189763"
9964,22128,"8.47779834"
9965,60423,"0.18330497"
9966,930,"7.06299414"
9967,13703,"0.87971911"
9968,13703,"0.87971911"
9969,201,"2.58094075"
9970,59,"2.81872914"
9971,2728,"303.76883138"
9972,13933,"9.31419283"
9973,13703,"0.87971911"
9974,9423,"2.39614554"
9975,121,"4.15105936"
9976,55098,"0.01590699"
9977,13704,"81.56191658"
9978,8192,"0.25041402"
9979,10004,"10.17118379"
9980,68598,"55.54619011"
9981,85,"7.87329065"
9982,55153,"7.42552893"
9983,48314,"2.8569033"
9984,22121,"1.17732744"
7412,34744,"0.22921401"
7413,28655,"11.26957235"
7414,28424,"8.86957277"
7415,312,"1.73533585"
7416,4126,"2.15031346"
7417,10918,"2.56923278"
7418,3684,"6.30272071"
7419,55153,"9.7160952"
7420,28602,"5.41503925"
7421,2556,"8.32596565"
7422,53,"1.33737695"
7423,59998,"0.24227383"
7424,77326,"3363.99455778"
7425,48314,"4.81180355"
7426,68598,"49.58612044"
7427,8428,"4.63337812"
7428,55809,"4.56129433"
7429,55165,"1.38272041"
7430,1770,"9.93213437"
7431,68598,"0.08384213"
7432,65597,"17.06035966"
7433,5891,"15.88008836"
7434,64883,"1.37891472"
7435,68598,"57.8022329"
7436,28424,"9.65552847"
7437,237,"10.09697734"
7438,51167,"0.05691802"
7439,116,"0.95568748"
7440,33762,"4.22354633"
7441,4071,"3.54227936"
7442,55153,"0.64548277"
7443,45802,"2.48590102"
7444,27315,"16.56269299"
7445,89061,"6.51412309"
7446,58924,"6.40155772"
7447,60293,"16.32468686"
7448,18164,"2.68898877"
7449,4069,"2.67675629"
7450,18881,"3.93472697"
7451,59985,"5.12005521"
7452,318,"6.5140317"
7453,9883,"2.11577136"
7454,6171,"2.67599229"
7455,28425,"1.20904952"
7456,48314,"5.32112814"
7457,8609,"0.06991255"
7458,86551,"8.7330525"
7459,242,"2.12373653"
7460,4113,"1.54789429"
7461,59998,"7.33425793"
7462,34744,"0.22921401"
7463,28655,"3.44818895"
7464,28424,"8.86957277"
7465,3980,"6.01678232"
7466,4126,"2.15031346"
7467,55153,"9.7160952"
7468,35497,"0.42872612"
7469,28602,"0.57227932"
7470,7873,"0.44833535"
7471,2556,"8.32596565"
7472,77326,"3363.99455778"
7473,48314,"4.65095979"
7474,55809,"4.56129433"
7475,68598,"49.58612044"
7476,13680,"4.4282291"
7477,59998,"0.24227383"
7478,28424,"9.65552847"
7479,96,"5.12066482"
7480,65597,"17.06035966"
7481,68598,"57.43198217"
7482,48314,"6.43733009"
7483,237,"10.09697734"
7484,51745,"4.45668923"
7485,8508,"3.76297809"
7486,58924,"3.0852756"
7487,5888,"13.32812876"
7488,116,"6.92776138"
7489,55153,"3.19404617"
7490,4842,"4.3337807"
7491,33762,"4.22354633"
7492,18164,"7.82117865"
7493,27315,"16.62857551"
7494,60293,"3.17494632"
7495,6720,"1.01968895"
7496,10004,"2.80755918"
7497,18884,"4.47099914"
7498,6171,"2.67599229"
7499,48314,"5.55313481"
7500,89126,"2.20282246"
7501,250,"2.97088457"
7502,6654,"2.23311035"
7503,476,"0.69170115"
7504,28425,"4.18961661"
7505,4113,"1.2651607"
7506,240,"62.68211244"
7507,33709,"5.26092215"
7508,33709,"5.26092215"
7509,60004,"5.06906792"
7510,34744,"0.22921401"
7511,28668,"4.66985582"
7512,33709,"5.26092215"
7513,68598,"44.35644412"
7514,4126,"2.15031346"
7515,55153,"9.98242279"
7516,35497,"0.43158176"
7517,28424,"8.86957277"
7518,28867,"0.53314211"
7519,10057,"4.96885621"
7520,59998,"0.99680197"
7521,48314,"2.025619"
7522,77326,"3363.99455778"
7523,706,"2.83168561"
7524,7804,"7.79332955"
7525,209,"5.34736916"
7526,2556,"8.32596565"
7527,28424,"9.65552847"
7528,58924,"1.89036317"
7529,88900,"4.75913218"
7530,48314,"5.15030085"
7531,4021,"2.10235107"
7532,48314,"6.52392179"
7533,48314,"6.52392179"
7534,8508,"0.65764018"
7535,237,"10.09697734"
7536,235,"0.08758079"
7537,68598,"57.43198217"
7538,33761,"2.71293484"
7539,48314,"6.59767751"
7540,4844,"1.60266236"
7541,58924,"3.0852756"
7542,55153,"8.37274659"
7543,18164,"11.38712806"
7544,27315,"16.72384104"
7545,49974,"5.86914875"
7546,65597,"17.06035966"
7547,60293,"4.20977191"
7548,10004,"6.88675554"
7549,18885,"2.44147175"
7550,29539,"4.04463886"
7551,78399,"13.07143684"
7552,6171,"2.67599229"
7553,28425,"6.12127807"
7554,6654,"2.23311035"
7555,472,"4.98354107"
7556,6966,"129.78407099"
7557,4104,"1.19226577"
7558,48314,"8.19107294"
7559,1883,"1.05205661"
7560,34744,"0.22921401"
7561,28424,"8.86957277"
7562,5443,"9.98797623"
7563,210,"3.89852804"
7564,33709,"5.64930582"
7565,4126,"2.15031346"
7566,2728,"17.82160205"
7567,60668,"1.33848846"
7568,68598,"44.35644412"
7569,28598,"11.93292514"
7570,28867,"4.88093418"
7571,55153,"10.64014687"
7572,2556,"8.32596565"
7573,47902,"6.73558109"
7574,77326,"3363.99455778"
7575,48314,"3.4377616"
7576,2205,"2.47381001"
7577,58924,"1.72036431"
7578,28424,"9.65552847"
7579,18164,"11.38712806"
7580,8476,"10.03268122"
7581,237,"10.09697734"
7582,4021,"17.38658678"
7583,63614,"1.70637729"
7584,8495,"8.79873581"
7585,8495,"8.79873581"
7586,68598,"57.35819271"
7587,8495,"8.79873581"
7588,39408,"112.16190128"
7589,58924,"3.0852756"
7590,48314,"6.59767751"
7591,4843,"2.41871958"
7592,79146,"4.83171319"
7593,27315,"16.72384104"
7594,8213,"3.28885295"
7595,5847,"5.39534774"
7596,10004,"6.88675554"
7597,82261,"13.07160559"
7598,55153,"6.29966542"
7599,123,"5.53428502"
7600,4287,"6.21099693"
7601,6171,"2.67599229"
7602,18834,"0.62905331"
7603,28425,"5.96063839"
7604,48314,"10.43523455"
7605,8602,"2.64875904"
7606,472,"1.20549789"
7607,39400,"1.43428224"
7608,7478,"11.19046072"
7609,1883,"1.05205661"
7610,59977,"5.94644539"
7611,11333,"4.2809829"
7612,28424,"8.86957277"
7613,34744,"0.22921401"
7614,114,"66.77157656"
7615,54440,"2.36217438"
7616,4126,"2.15031346"
7617,1319,"132.52493338"
7618,60668,"0.91475214"
7619,51240,"2.70720815"
7620,4215,"8.78753406"
7621,55153,"9.646968"
7622,68598,"44.35644412"
7623,2556,"8.32596565"
7624,33763,"0.95758742"
7625,80847,"2.50626199"
7626,77326,"3363.99455778"
7627,704,"9.81110239"
7628,80847,"0.50922817"
7629,58924,"1.72036431"
7630,11789,"2.35182237"
7631,84750,"4.15571322"
7632,64889,"3.80529331"
7633,28424,"9.65552847"
7634,18164,"11.38712806"
7635,237,"10.09697734"
7636,59,"6.06845961"
7637,4021,"3.77567301"
7638,60423,"3.46913762"
7639,68598,"57.35689136"
7640,39408,"321.10535967"
7641,48076,"6.52817205"
7642,48314,"6.59767751"
7643,4843,"4.56900265"
7644,58924,"2.5930073"
7645,55153,"4.48174925"
7646,27315,"16.72384104"
7647,8735,"4.91947482"
7648,5899,"9.17395069"
7649,10004,"6.88675554"
7650,78547,"2.0585918"
7651,4283,"16.89068756"
7652,123,"3.5581982"
7653,6171,"2.67599229"
7654,28425,"0.01366965"
7655,51165,"5.17004208"
7656,68594,"58.26432432"
7657,7698,"0.48606178"
7658,33747,"9.90945642"
7659,48314,"9.62187206"
7660,34744,"0.22921401"
7661,1887,"6.20101109"
7662,11333,"0.82211694"
7663,59977,"22.32436665"
7664,4126,"2.15031346"
7665,1319,"299.63251468"
7666,4215,"4.8631108"
7667,55153,"9.83352791"
7668,4013,"1.91758362"
7669,28424,"8.86957277"
7670,77326,"3363.94283346"
7671,48298,"0.91999175"
7672,68598,"44.35644412"
7673,2556,"8.32596565"
7674,58116,"7.75223532"
7675,60668,"2.21546562"
7676,704,"9.81110239"
7677,57,"0.90224509"
7678,28424,"9.65552847"
7679,619,"4.69597832"
7680,28425,"5.68725506"
7681,49988,"1.1149399"
7682,4021,"0.54303375"
7683,237,"10.09697734"
7684,73,"4.70497806"
7685,48314,"9.62187206"
7686,60423,"3.28615185"
7687,68598,"57.36028905"
7688,18164,"11.38712806"
7689,7222,"279.97498917"
7690,58931,"1.06702434"
7691,48076,"6.52817205"
7692,48314,"6.59767751"
7693,1711,"10.29797218"
7694,55153,"2.7637997"
7695,55153,"2.7637997"
7696,4843,"1.16276005"
7697,10004,"6.88675554"
7698,13416,"2.00226475"
7699,27315,"16.72384104"
7700,5907,"11.93253484"
7701,55153,"2.7637997"
7702,33560,"2.36212586"
7703,121,"2.14120486"
7704,61527,"3.38574113"
7706,28425,"6.72209372"
7707,44662,"2.12980822"
7708,48314,"8.49587472"
7709,80233,"33.24821503"
7710,51633,"8.27256608"
7711,54357,"4.39979977"
7712,34744,"0.22921401"
7713,28424,"8.86957277"
7714,59977,"22.32436665"
7715,3508,"2.7636249"
7716,4126,"2.15031346"
7717,55153,"9.87541303"
7718,70723,"6.38749779"
7719,68598,"44.35644412"
7720,2728,"305.78229896"
7721,4013,"2.36408468"
7722,2556,"8.32596565"
7723,33744,"4.03039152"
7724,57,"0.90224509"
7725,4023,"0.82180335"
7726,77326,"3363.94283346"
7727,704,"9.81110239"
7728,4215,"4.8631108"
7800,6171,"2.67599229"
7729,28424,"9.65552847"
7730,82,"0.39178613"
7731,4086,"0.14682757"
7732,619,"5.58003726"
7733,68598,"57.36575666"
7734,4021,"28.49018501"
7735,49988,"3.75049747"
7736,237,"10.09697734"
7737,18164,"11.38712806"
7738,60423,"3.28615185"
7739,48076,"6.52817205"
7740,48314,"6.59767751"
7741,1888,"4.60939221"
7742,4843,"1.89797823"
7743,8387,"85.09380716"
7744,1711,"3.15413479"
7745,27315,"15.83177964"
7746,13416,"0.0653223"
7747,6505,"0.78843898"
7748,10004,"6.88675554"
7749,42,"3.55982878"
7750,121,"1.36408967"
7751,69545,"2.43870261"
7752,6171,"2.67599229"
7753,28425,"2.96704982"
7754,29454,"9.26136655"
7755,59632,"1.54882616"
7756,48314,"8.25385003"
7757,33737,"2.67498858"
7758,312,"6.14812583"
7759,3052,"29.16869944"
7760,58927,"2.12585512"
7762,34744,"0.22921401"
7763,3522,"1.73084212"
7764,4126,"2.15031346"
7765,59977,"22.32436665"
7766,68598,"44.35644412"
7767,59,"5.74774421"
7768,2728,"305.78229896"
7769,715,"4.95366767"
7770,3143,"3.7506182"
7771,55153,"8.94245884"
7772,6653,"0.86700649"
7773,4023,"1.12108314"
7774,77326,"3363.94283346"
7775,286,"5.86141677"
7777,1880,"2.4087784"
7778,28424,"9.65552847"
7779,14216,"1.20157508"
7780,85,"1.85617014"
7781,1699,"2.6509501"
7782,5888,"41.63378956"
7783,18164,"5.95556312"
7784,60423,"3.28615185"
7792,27315,"15.83177964"
7793,10004,"6.88675554"
7794,42,"0.74022061"
7795,13416,"0.0653223"
7796,22116,"4.04031587"
7797,9713,"3.59102204"
7798,121,"0.55916866"
7799,28425,"3.09017571"
7801,9937,"1.60906249"
7802,48314,"3.62969193"
7803,312,"6.14812583"
7804,62370,"3.74265379"
7805,29455,"4.85820264"
7806,65597,"22.75953277"
7807,77547,"2.08510389"
7808,58934,"0.12679362"
7809,34744,"0.22921401"
7810,28424,"8.86957277"
7811,59977,"22.32436665"
7812,9552,"0.23981"
7813,4126,"4.03826107"
7814,57,"11.68618924"
7815,55153,"8.42679639"
7816,44662,"3.49375326"
7817,79658,"0.77658623"
7818,2728,"305.78229896"
7819,47902,"3.50259196"
7820,6224,"4.07240456"
7821,68598,"44.35644412"
7822,3143,"4.68438334"
7823,77326,"3363.94283346"
7824,4089,"1.87742698"
7825,28,"11.28848583"
7826,28424,"9.65552847"
7827,58827,"4.50259698"
7828,88,"2.82378478"
7829,118,"50.21906207"
7837,1888,"4.60939221"
7838,48076,"6.52817205"
7839,68598,"57.25995549"
7840,13416,"0.0653223"
7841,27315,"15.83177964"
7842,10004,"6.88675554"
7843,29448,"5.78889713"
7844,728,"6.11189956"
7845,41,"1.38566483"
7846,9713,"3.33961209"
7847,6171,"2.67599229"
7848,48314,"3.74256246"
7849,73256,"0.9788468"
7850,87068,"1.35880497"
7851,312,"2.863892"
7852,75996,"6.0439106"
7853,65597,"22.75953277"
7854,28425,"2.05968185"
7855,58924,"5.27737657"
7856,34744,"0.22921401"
7857,28682,"4.00506251"
7858,28424,"8.86957277"
7859,4126,"4.03826107"
7860,55153,"8.57946107"
7861,9548,"2.9382344"
7862,8605,"5.78833799"
7863,47902,"3.74758935"
7864,3143,"4.21653772"
7865,2728,"299.62725523"
7866,34746,"3.21226925"
7867,79658,"0.9588055"
7868,77326,"3363.94283346"
7869,57,"11.68618924"
7870,68598,"3.26570826"
7871,50569,"9.7016349"
7872,4080,"2.25221374"
7873,88,"0.2178385"
7874,68598,"57.26261952"
7875,88043,"2.25487847"
7876,6750,"2.65063131"
7877,33732,"1.54623005"
7878,237,"10.09697734"
7879,34743,"3.53007695"
7880,48076,"6.52817205"
7881,48314,"6.59767751"
7882,4843,"1.89797823"
7883,1888,"4.60939221"
7884,27315,"15.83177964"
7885,82261,"13.07160559"
7886,19625,"2.87692477"
7887,1007,"1.82292036"
7888,1007,"1.82292036"
7889,60273,"1.14134338"
7890,10004,"6.88675554"
7891,55153,"6.79040557"
7892,28424,"9.65552847"
7893,1007,"1.82292036"
7894,85771,"3.85657893"
7895,13416,"2.65383762"
7896,6171,"2.67599229"
7897,7300,"4.00109071"
7898,206,"9.69838232"
7899,13907,"2.90548153"
7900,28425,"2.05968185"
7901,75996,"7.65673405"
7902,65597,"22.75953277"
7903,58924,"5.27737657"
7904,28411,"2.72156551"
7905,34744,"4.95126598"
7906,88900,"5.20070788"
7907,4538,"5.7404237"
7908,4126,"4.03826107"
7909,2728,"156.58412924"
7910,55153,"9.53454201"
7911,28424,"8.86957277"
7912,7698,"2.84912709"
7913,77634,"0.68514954"
7914,28682,"4.00506251"
7915,704,"4.3370406"
7916,57,"11.68618924"
7917,7990,"12.07605131"
7918,6219,"0.23820489"
7919,77326,"3363.94283346"
7920,50569,"8.32473353"
7921,29447,"2.73656684"
7922,13674,"0.84627044"
7923,28424,"9.65552847"
7924,88043,"1.84151162"
7925,78792,"9.78427676"
7926,88,"0.2178385"
96,74594,"5.00739335"
7927,3042,"2.13505469"
7928,1533,"11.88139724"
7929,19520,"2.3770263"
7930,237,"10.09697734"
7931,68598,"57.30230091"
7932,48314,"6.59767751"
56,8797,"3.77158474"
7933,116,"1.99548275"
7934,78507,"10.44493209"
7935,48076,"6.52817205"
7936,27315,"15.48723213"
7937,84869,"2.26612504"
7938,33672,"6.22898176"
7939,10004,"6.88675554"
7940,5165,"6.40005975"
7941,6171,"2.67599229"
7942,29447,"6.44386425"
7943,85771,"3.85657893"
7944,28425,"2.05968185"
7945,7300,"4.41490663"
7946,55153,"4.33228528"
7947,1001,"2.08000334"
7948,13907,"3.43897408"
7949,84750,"3.65997835"
7950,6729,"4.46849226"
7951,80847,"1.36494606"
7952,210,"4.99137341"
7953,58924,"5.58757726"
7954,34744,"4.4832684"
7955,28424,"8.86957277"
7956,28682,"4.00506251"
7957,2205,"0.44748384"
7958,57,"11.68618924"
7959,4555,"0.50701611"
7960,2732,"0.17749048"
7961,55153,"9.16248831"
7962,79663,"3.5302474"
7963,4126,"4.03826107"
7964,1533,"5.4142665"
7965,6655,"2.76271471"
7966,3991,"5.17222263"
7967,77326,"3363.94283346"
7968,4071,"16.5673926"
7969,50569,"8.32473353"
7970,12523,"4.20915831"
7971,88043,"1.84151162"
7972,548,"2.36257706"
7973,116,"4.96853192"
7974,68598,"57.30230091"
7975,237,"10.09697734"
7976,28424,"9.65552847"
7977,704,"0.08068532"
7978,39853,"9.51129736"
7979,48314,"6.59767751"
7980,1884,"10.1980325"
7981,48076,"6.52817205"
7982,27315,"14.79508021"
7983,5165,"5.89804579"
7984,10004,"6.88675554"
192,39836,"4.14714059"
7985,8225,"1.3975634"
7986,85771,"3.85657893"
7987,55153,"4.08551167"
7988,29460,"2.40781835"
7989,7985,"7.11402503"
7990,7300,"4.41490663"
7991,3128,"7.08967434"
7992,6171,"2.67599229"
7993,254,"1.01837407"
7994,13907,"3.43897408"
7995,4023,"0.35414841"
7996,54354,"6.28435749"
7997,51668,"6.89038466"
7998,84750,"2.90723735"
7999,984,"5.38681892"
8000,58924,"5.50463225"
8001,4314,"11.38527892"
8002,28424,"8.86957277"
8003,34744,"1.15446082"
8004,88152,"1.53490257"
8005,4126,"4.03826107"
8006,57,"11.68618924"
8007,54455,"2.51032022"
8008,8609,"5.9980466"
8009,2732,"2.9582848"
8010,55153,"7.85851694"
8011,47911,"0.12826365"
8012,255,"2.7629274"
8013,68555,"7.0891487"
8014,50569,"8.32473353"
8015,4066,"22.41669605"
8016,77326,"3363.94283346"
8017,2750,"0.71790939"
8018,12523,"4.20915831"
8019,68598,"57.36053432"
8020,28424,"9.65552847"
8021,14222,"0.00597555"
8022,7984,"3.64414083"
8023,76731,"0.38694432"
8024,76731,"0.38694432"
8025,237,"10.09697734"
8026,39853,"10.16293958"
8027,8496,"1.55313723"
8028,48314,"6.59767751"
8029,10022,"3.61722252"
8030,76731,"0.38694432"
8031,76731,"0.38694432"
8032,27315,"13.59314715"
8033,76731,"0.38694432"
8034,5165,"8.1478654"
8035,89152,"8.95805195"
8036,11280,"8.5426166"
8037,10004,"6.88675554"
8038,55153,"3.63451017"
8039,974,"3.88748415"
8040,83817,"3.66520641"
8041,10140,"2.19370148"
8042,6171,"2.04062855"
8043,27,"6.20483499"
8044,51652,"0.12499355"
8045,11333,"6.01404316"
8046,13907,"3.43897408"
8047,84750,"3.14982373"
8048,94,"6.33544539"
8049,116,"10.92560673"
8050,34744,"1.42339663"
8051,4023,"0.02840713"
8052,58931,"2.07636662"
8053,69170,"1.02106456"
8054,4113,"5.85272687"
8055,48319,"2.15307322"
8056,28424,"8.86957277"
8057,55153,"7.23490092"
8058,6657,"3.63172999"
8059,2737,"1.00797557"
8060,50569,"8.32473353"
8061,4038,"2.61261657"
8062,77326,"3363.94283346"
8063,57,"11.68618924"
8064,4066,"21.96109951"
8065,12068,"6.79333268"
8066,12068,"6.79333268"
8067,28424,"9.65552847"
8068,12523,"4.20915831"
8069,54375,"3.33518912"
8070,66548,"0.63992867"
8071,12068,"5.01373524"
8072,12068,"5.01373524"
8073,48314,"6.59767751"
8074,49983,"3.75474331"
8075,116,"0.17259953"
8076,7984,"3.64414083"
8077,68598,"57.36053432"
8078,237,"10.09697734"
8079,492,"13.50639116"
8080,48314,"6.59767751"
8081,8500,"2.17178129"
8082,10022,"3.61722252"
8083,12068,"5.01373524"
8084,10004,"16.84345446"
8085,76731,"0.21395039"
8086,57112,"17.02847653"
8087,3137,"0.6060099"
8088,10004,"6.88675554"
8089,55153,"2.17443294"
8090,83817,"0.24431357"
8091,974,"3.47553923"
8092,58054,"1.18070413"
8093,5165,"5.62006985"
8094,27315,"14.03976076"
8095,34,"13.67319181"
8096,6171,"2.04062855"
8097,487,"0.42174112"
8098,13914,"2.63970191"
8099,4023,"0.02840713"
8100,3049,"4.56980908"
8101,6973,"5.04089795"
8102,3508,"5.63376631"
8103,78511,"0.5818061"
8104,28424,"8.86957277"
8105,28663,"2.00038763"
8106,40,"11.46421685"
8107,4105,"3.870624"
8108,80291,"0.51239661"
8109,55153,"7.23490092"
8110,32396,"2.57961786"
8111,74,"1.02817208"
8112,4005,"4.884019"
8113,10004,"15.59935172"
8114,51666,"0.32665118"
8115,51666,"1.12553927"
8116,85277,"0.4650352"
8117,77326,"3363.94283346"
8118,7302,"12.59860529"
8119,28424,"9.65552847"
8120,12523,"1.72844845"
8121,49983,"2.85065391"
8122,57112,"17.02847653"
8123,3673,"0.93072622"
8124,84229,"2.48626718"
8125,68598,"57.36053432"
8126,236,"10.64788562"
8127,237,"9.68758043"
8128,51652,"12.10682849"
8129,48314,"4.24062951"
8130,10028,"14.93804626"
8131,5165,"0.84810151"
8132,8500,"5.16595978"
8133,59998,"2.33562536"
8134,27315,"13.68255917"
8135,76731,"0.0850817"
8136,57112,"17.02847653"
8137,3137,"3.22611604"
8138,55153,"2.25428052"
8139,10004,"6.88675554"
8140,82138,"9.13559126"
8141,974,"3.47553923"
8142,34,"7.95707955"
8143,6171,"2.04062855"
8144,19519,"10.03728966"
8145,618,"3.07737534"
8146,13914,"4.28322199"
8147,3524,"5.54661909"
8148,22128,"8.90605095"
8149,6966,"2.87654657"
8150,1829,"2.19686614"
8151,28424,"4.17737764"
8152,58052,"0.0528198"
8153,50573,"7.47727792"
8154,4105,"12.08847213"
8155,40,"11.46421685"
8156,55153,"6.76024463"
8157,51166,"1.59487875"
8158,6657,"0.39382831"
8159,58606,"4.27700235"
8160,10004,"14.78696589"
8161,28637,"0.11509448"
8162,77326,"3363.94283346"
8163,79293,"1.04797648"
8164,53,"3.60127164"
8165,28424,"9.65552847"
8166,2940,"1.44034401"
8167,49983,"2.85065391"
8168,3670,"12.3643397"
8169,63875,"6.52973699"
8170,68598,"57.36053432"
8171,50576,"2.02592506"
8172,237,"9.68758043"
8173,51652,"12.10682849"
8174,8514,"9.26941446"
8175,48314,"4.55894015"
8176,9983,"1.58403388"
8177,5165,"0.40735429"
8178,27315,"10.53755915"
8179,1525,"1.44914828"
8180,55153,"4.14134496"
8181,9718,"3.27617146"
8182,254,"3.70251298"
8183,254,"3.70251298"
8184,57112,"17.02847653"
8185,10004,"6.88675554"
8186,74,"4.60595213"
8187,74,"4.60595213"
8188,1201,"3.48220359"
8189,254,"3.76275199"
8190,34,"0.93662007"
8191,74,"4.60595213"
8192,19519,"10.03728966"
8193,13914,"4.47550393"
8194,6171,"2.04062855"
8195,77073,"12.00618483"
8196,77073,"12.00618483"
8197,59998,"1.6626694"
8198,9550,"1.3977373"
8199,29648,"1.04810528"
8200,50573,"6.24112402"
8201,1828,"5.82257005"
8202,77073,"12.00618483"
8203,48327,"2.61415545"
8204,28424,"5.55018255"
8205,4102,"4.06776708"
8206,40,"11.46421685"
8207,635,"3.0979116"
8208,32403,"4.54785846"
8209,55153,"6.86830747"
8210,3825,"1.70018685"
8211,6966,"18.45872812"
8212,48314,"0.08180931"
8213,28637,"0.01637431"
8214,77326,"3363.94283346"
8215,10004,"14.78696589"
8216,53,"2.51042898"
8217,28424,"9.65552847"
8218,85253,"5.44239116"
8219,49983,"2.26077347"
8220,63875,"6.59496982"
8221,3617,"1.03507664"
8222,51666,"3.52706023"
8223,68598,"57.25986142"
8224,237,"9.68758043"
8225,51652,"12.10682849"
8226,1044,"19.02579229"
97,55138,"1.51040316"
8227,5165,"0.03169973"
8228,28412,"3.33331015"
8229,8514,"7.38896441"
8230,27315,"10.83354952"
8231,57112,"17.02847653"
8232,165,"1.43597032"
8233,10004,"6.88675554"
8234,9718,"3.82498004"
57,68594,"25.34987418"
8235,971,"1.71756099"
8236,254,"3.6278743"
8237,6171,"2.04062855"
8238,34,"1.77375747"
8239,80,"13.7619401"
8240,237,"9.68758043"
8241,6964,"3.48944639"
8242,635,"5.56062321"
8243,19519,"5.38115718"
8244,13914,"3.02884799"
8245,11347,"4.89559664"
8246,77073,"13.56918691"
8247,86551,"1.9985734"
8248,60668,"0.86560965"
8249,48327,"1.90867236"
8250,28424,"8.01921031"
8251,55153,"4.00132268"
8252,40,"11.46421685"
8253,22058,"21.12581488"
8254,29649,"1.78545998"
8255,57019,"0.94261859"
8256,55153,"6.39472359"
8257,32402,"18.60089773"
8258,48314,"0.05374206"
8259,1828,"5.82257005"
8260,6174,"3.99399063"
8261,77326,"3363.94283346"
8262,28637,"0.01637431"
8263,47,"12.18334279"
8264,10004,"14.78696589"
8265,68598,"57.25986142"
8266,3686,"0.40646046"
8267,2879,"2.28356488"
8268,65,"7.13865265"
8269,63875,"3.33832477"
8270,237,"9.68758043"
8271,28424,"9.65552847"
8272,51652,"12.10682849"
8273,28409,"4.54824503"
8274,8514,"7.38896441"
8275,59072,"16.89814927"
8276,27315,"10.83354952"
8277,940,"1.3516701"
8278,57112,"17.02847653"
8279,14217,"5.18402651"
8280,14217,"5.18402651"
8281,10004,"6.88675554"
8282,55153,"3.99743265"
8283,63882,"3.84952607"
8284,9718,"3.82498004"
8285,29650,"3.88765741"
8286,6174,"3.99399063"
8287,34,"1.77375747"
8288,14225,"4.39809657"
8289,254,"3.6278743"
8290,6171,"2.04062855"
8291,14765,"6.08018686"
8292,13914,"0.97117121"
8293,49826,"4.64598232"
8294,62437,"0.53279499"
8295,84,"11.68045795"
8296,6980,"3.83317266"
8297,635,"5.56062321"
8298,1531,"3.39332419"
8299,971,"1.71756099"
8300,1828,"5.82257005"
8301,249,"6.72115845"
8302,28611,"2.40775555"
8303,280,"24.66098514"
8304,55153,"6.3958322"
8305,7732,"4.85559392"
8306,28424,"11.47881124"
8307,28411,"0.38412795"
8308,40,"11.46421685"
8309,2253,"0.95919238"
8310,77326,"3363.94283346"
8311,10004,"14.78696589"
8312,28611,"3.67640495"
8313,22128,"14.694077"
8314,13700,"5.17824494"
8315,28424,"9.65552847"
8316,2879,"2.28356488"
8317,68598,"57.25986142"
8318,78399,"3.04012354"
8319,117,"11.79795292"
8320,8514,"7.38896441"
8321,296,"2.99990469"
8322,39411,"3.15337764"
8323,14765,"2.27444765"
8324,3684,"6.42202751"
8325,65603,"5.68488121"
8326,10004,"0.99607072"
8327,70723,"5.68052181"
8328,6503,"1.21308091"
8329,55153,"3.01509372"
8330,1288,"5.61260607"
8331,29709,"2.78274271"
8332,10004,"6.88675554"
8333,34,"1.77375747"
8334,10004,"0.99607072"
8335,22102,"0.69258144"
8336,57112,"17.02847653"
8337,85,"8.97108763"
8338,254,"3.6278743"
8339,49826,"4.10209624"
8340,55161,"0.18542691"
8342,635,"1.81589878"
8343,13909,"1.42910889"
8344,114,"23.33637366"
8345,62438,"2.4338117"
8346,50349,"6.01120757"
8347,971,"1.71756099"
98,8267,"10.75433001"
8348,1828,"5.82257005"
8349,244,"0.29442955"
8350,306,"3.02669331"
8351,28611,"1.10189872"
8352,57,"5.98382515"
8353,280,"24.66098514"
8354,1325,"3.20699664"
8355,55153,"6.45220485"
58,642,"7.05325756"
8356,4025,"0.92139436"
8357,6717,"20.28608532"
8358,28611,"6.29323504"
8359,77326,"3363.94283346"
8360,10004,"14.78696589"
8361,22128,"15.29910036"
8362,28424,"9.65552847"
8363,63613,"0.91363188"
8364,2880,"2.90157967"
8365,4205,"0.0748426"
8366,33748,"2.0968578"
8367,68598,"57.25986142"
8368,86552,"0.16922656"
8369,123,"6.11987436"
8370,4002,"0.25628877"
8371,39411,"3.60562329"
8372,72922,"2.52019837"
8373,70723,"2.14403746"
8374,8514,"7.38896441"
8375,6505,"1.72488963"
8376,57112,"17.02847653"
8377,65603,"9.24201046"
8378,10004,"6.88675554"
8379,52079,"3.44666431"
8380,55153,"1.81123352"
8381,85692,"0.64537598"
8382,78399,"1.01329137"
8383,42281,"1.41668546"
8384,78656,"12.13038012"
8385,6171,"2.04062855"
8386,13914,"0.10500103"
8387,68937,"3.5350488"
8388,114,"23.33637366"
8389,635,"1.81589878"
8390,88,"3.30786826"
8391,79159,"5.40865239"
8392,50349,"2.63517331"
8393,5107,"3.88678783"
8394,19639,"6.64523044"
8395,45838,"5.97303526"
8396,28424,"1.49358511"
8397,5581,"0.61793692"
8398,5581,"0.61793692"
8399,28611,"5.88384431"
8400,4060,"3.13948556"
8401,57,"5.4796326"
8402,1324,"1.64993683"
8403,6718,"0.5453426"
8404,55153,"6.45220485"
8405,4023,"6.18499728"
658,72480,"2.81705164"
8406,5581,"0.61793692"
8407,48327,"3.14689837"
8408,22128,"15.29910036"
8409,77326,"3363.94283346"
8410,10004,"14.78696589"
8411,28424,"9.65552847"
8412,2936,"3.13153224"
8413,68598,"56.64741324"
8414,6179,"4.45646707"
8415,6645,"3.79056378"
8416,46,"1.8023359"
8417,51666,"10.8647055"
8418,121,"7.26596161"
8419,8514,"7.38896441"
8421,16563,"3.73089232"
8422,27315,"2.32001373"
8423,70723,"2.14403746"
8424,5910,"3.33163321"
8425,57112,"17.02847653"
8426,10004,"6.88675554"
8427,41,"2.28305776"
8428,69997,"4.25693182"
8429,64942,"2.36991575"
8430,5079,"2.35273909"
8431,123,"13.18182001"
8432,767,"1.11439217"
8433,6171,"2.04062855"
8434,22121,"7.59824865"
8435,18352,"0.23907424"
8436,5553,"9.50009503"
8437,247,"3.07654053"
8438,635,"1.81589878"
8439,114,"23.33637366"
8440,88,"3.30786826"
8441,239,"9.14218593"
8442,980,"3.33245536"
8443,28424,"3.38266022"
8444,57,"5.4796326"
8445,279,"10.68692203"
8446,1324,"0.00909292"
8447,33678,"1.48601341"
8448,55153,"5.77183644"
8449,6225,"1.18116451"
8450,5649,"4.58605763"
8451,160,"10.74106683"
8452,22128,"13.11835214"
8453,77326,"3363.94283346"
8454,1422,"2.06820898"
8455,28611,"0.55507982"
8456,58280,"1.13335284"
8457,10004,"14.78696589"
8458,28424,"9.65552847"
8459,30037,"2.96957883"
8460,30037,"2.96957883"
8461,6179,"6.10454521"
8462,80664,"2.36393847"
8463,47,"8.10839924"
8464,68598,"56.63029366"
8465,121,"0.33308246"
99,8196,"6.83490141"
8466,34743,"5.45738228"
8467,30037,"2.96957883"
8468,4215,"4.49488246"
8469,28377,"0.21039458"
8470,16565,"0.44332078"
8471,39411,"3.60562329"
8472,70723,"2.14403746"
8473,8514,"7.38896441"
8474,27315,"2.73327426"
8475,5901,"1.99848678"
8476,69994,"5.5622123"
8477,57112,"17.02847653"
8478,10004,"6.88675554"
8479,85383,"1.85368548"
8480,22121,"5.23931011"
8481,11771,"6.55042395"
8482,63876,"1.72317"
8483,6171,"2.04062855"
8484,245,"3.11828348"
8485,55153,"4.64628364"
8486,635,"0.56301"
8487,82347,"1.48884108"
8488,5553,"9.50009503"
8489,114,"23.33637366"
8490,87071,"15.12920927"
8492,534,"5.25397608"
8493,121,"5.31632625"
8494,239,"9.14218593"
8495,28424,"5.49975603"
8496,28611,"0.55507982"
8497,57,"3.21709353"
8498,276,"7.9519026"
8499,50980,"1.39028856"
8500,55153,"5.76933607"
8501,304,"1.27989505"
8502,77326,"3363.94283346"
8503,58602,"2.35927588"
8504,10004,"14.78696589"
8505,22128,"13.11835214"
8506,6722,"2.22427322"
8507,28424,"9.65552847"
8508,6179,"6.10475742"
8509,80664,"2.09946789"
8510,68598,"57.43966563"
8511,7302,"18.8503284"
8512,8514,"7.38896441"
8513,39411,"3.60562329"
8514,4004,"1.59321235"
8515,121,"4.98623963"
8516,27315,"6.69318436"
8517,70723,"2.14403746"
8518,19520,"7.4397774"
8519,57112,"17.02847653"
8520,10004,"7.29254728"
8521,788,"4.91702677"
8522,69997,"1.16832333"
8523,55153,"9.67088235"
8524,4215,"5.16689642"
8525,14717,"0.92637022"
8526,66785,"6.58112019"
8527,121,"0.68626806"
8528,6171,"2.04062855"
8529,11769,"0.60085389"
8530,13702,"1.03033809"
8531,237,"1.57965868"
8532,7746,"1.82161501"
8533,613,"2.64343135"
8534,5553,"9.50009503"
8535,60295,"9.19701094"
8536,114,"49.11814629"
8537,972,"1.43608379"
8538,30029,"0.88915182"
8539,28424,"0.55878916"
8540,30029,"1.13371676"
8541,30029,"1.13371676"
8542,239,"9.14218593"
8543,28611,"0.55507982"
8544,273,"1.79501798"
8545,50984,"0.92428783"
8546,55153,"5.76933607"
8547,57,"3.21709353"
8548,5649,"3.85085627"
8549,5649,"3.85085627"
8550,83047,"2.50667336"
8551,6722,"2.207405"
8552,304,"1.27989505"
8553,58602,"2.7044856"
8554,77326,"3363.94283346"
8555,22128,"13.11835214"
8556,5649,"3.85085627"
8557,10004,"14.78696589"
8558,30029,"2.01798899"
8559,28424,"9.65552847"
8560,68598,"1.50099046"
8561,6179,"6.10475742"
8562,59635,"0.27700863"
8563,39853,"4.58835878"
8564,727,"7.04057238"
8565,7302,"18.8503284"
8566,4004,"1.66957203"
8567,13719,"0.83995773"
8568,1880,"0.41434304"
8569,8514,"7.38896441"
8570,27315,"8.75379582"
8571,5928,"3.61515713"
8572,10004,"7.29254728"
8573,55153,"9.59610691"
8574,57112,"17.02847653"
8575,69992,"0.96118638"
8576,85230,"1.85938679"
8577,14717,"1.73376028"
8578,728,"5.35442325"
8579,3149,"10.02416921"
8580,3149,"10.02416921"
8581,11767,"0.23722097"
8582,6171,"2.04062855"
8583,64298,"1.23745771"
8584,7858,"4.45207778"
8585,13702,"1.05532252"
8586,614,"5.44788722"
8587,45845,"76.74942303"
8588,5553,"9.50009503"
8589,239,"9.14218593"
8590,82783,"5.01194929"
8591,28424,"4.56414153"
8592,273,"0.06300362"
8593,65724,"0.73544107"
8594,57,"3.21709353"
8595,4161,"6.35562242"
8596,304,"1.27989505"
8597,6719,"2.51282585"
8598,60295,"3.4019667"
8599,58602,"2.7044856"
8600,77326,"3363.94283346"
8601,22128,"13.11835214"
8602,10004,"14.78696589"
8603,3149,"9.55633007"
8604,5651,"7.44179891"
8605,30031,"2.26903318"
8606,55153,"5.98835763"
8607,972,"1.10321048"
8608,28424,"9.65552847"
8609,28424,"9.65552847"
8610,6179,"6.10475742"
8611,6651,"0.19895274"
8612,68598,"4.13123847"
8613,7302,"17.5895632"
8614,727,"5.66759072"
8615,4005,"0.69020564"
8616,8514,"7.85447574"
8617,14717,"1.60870698"
8618,51652,"9.00438361"
8619,13719,"0.83995773"
8620,1831,"3.1362434"
8621,27315,"2.06642492"
8622,57112,"17.02847653"
8623,5932,"0.12555558"
8624,10004,"11.1812479"
8625,55153,"4.95237818"
8626,69992,"1.38535529"
8627,4005,"3.92230705"
8628,11768,"5.37487915"
8629,63366,"5.47707137"
8630,66575,"0.38427629"
8632,4166,"7.46712662"
8633,12180,"9.58759535"
8634,3153,"1.26185478"
8635,5524,"3.54911681"
8636,7858,"4.45207778"
8637,60295,"4.95805346"
8638,68594,"29.29900058"
8639,239,"9.14218593"
8640,28424,"4.56414153"
8641,59973,"0.34489045"
8642,57,"3.21709353"
8643,6172,"5.60031713"
8644,13218,"3.33366762"
8645,6724,"2.24819843"
8646,55153,"6.41264989"
8647,304,"1.27989505"
8648,10004,"14.78696589"
8649,22128,"13.11835214"
8650,28663,"3.35413026"
8651,7312,"2.59159451"
8652,3149,"4.0443213"
8653,30031,"0.64490857"
8654,77326,"3363.94283346"
8655,28424,"9.07149056"
8656,96,"3.07142808"
8657,6179,"4.44522166"
8658,50569,"3.74991829"
8659,44662,"1.38794022"
8660,78400,"0.96795326"
8661,51167,"3.07024105"
8662,4005,"3.73261323"
8663,68917,"4.64917558"
8664,972,"3.20691052"
8665,13719,"0.83995773"
8666,27315,"2.79313999"
8667,73335,"2.28401298"
8668,10004,"11.1812479"
8669,57112,"17.02847653"
8670,5175,"2.72345773"
8671,55153,"5.35481373"
8672,5924,"0.91493636"
8673,4005,"2.15361318"
8674,55160,"13.43193289"
8675,63366,"6.48590504"
8676,11768,"5.37487915"
8677,6171,"2.04062855"
8678,27315,"24.66665088"
8679,79395,"3.08063707"
8680,7134,"0.52821046"
8681,5563,"0.4878362"
8682,3152,"9.38938332"
8684,3053,"46.96978735"
8685,59187,"8.96142522"
8686,971,"2.31588235"
8687,239,"9.14218593"
8688,28424,"4.56414153"
8689,48340,"3.27113109"
8690,6179,"5.81721975"
8691,50971,"0.0706151"
8692,55153,"6.41264989"
8693,6724,"3.03732399"
8694,57,"3.21709353"
8695,304,"1.27989505"
8696,58613,"4.13969732"
8697,77326,"3363.94283346"
8698,22128,"12.79534808"
8699,10004,"14.78696589"
8700,548,"2.38875192"
8701,30031,"0.64490857"
8702,452,"2.80787535"
8703,28424,"9.07149056"
8704,6175,"2.83532412"
8705,88900,"7.61424621"
8706,21,"6.17239019"
8707,7698,"2.8092392"
8708,28426,"8.87474794"
8709,51167,"2.12274716"
8710,4005,"1.32243399"
8711,6637,"3.61875671"
8712,13719,"0.83995773"
8713,79666,"3.8444126"
8714,27315,"2.55359332"
8715,55153,"7.49348816"
8716,69992,"2.60784976"
8717,57112,"17.02847653"
8718,10004,"10.80072983"
8719,5924,"2.12076453"
8720,22124,"3.19321447"
8721,11768,"5.37487915"
8722,63366,"1.90440599"
8723,4005,"3.38010918"
8724,9742,"75.34799455"
8725,5177,"4.04070864"
8726,6973,"1.71031581"
8727,5501,"1.54607687"
8728,7743,"0.32318178"
8729,657,"4.60409085"
8730,6171,"2.04062855"
8731,84749,"4.39653884"
8732,971,"2.70036343"
8733,117,"6.14547307"
8734,28424,"4.56414153"
8735,33744,"2.37026243"
8736,50969,"2.3634539"
8737,57,"3.21709353"
8738,55153,"6.41264989"
8739,6724,"0.80793273"
8740,304,"1.27989505"
8741,48341,"4.31005464"
8742,58613,"3.80938004"
8743,77326,"3363.94283346"
8744,10004,"14.78696589"
8745,22128,"8.91439435"
8746,451,"0.63412535"
8747,30031,"0.64490857"
8748,6751,"4.69241659"
8749,59187,"7.31099151"
8750,6175,"3.22127021"
8751,6654,"3.24228839"
8752,28425,"6.37270421"
8753,21,"3.83692543"
8754,88818,"3.89601604"
8755,28426,"8.87474794"
8756,48314,"2.18876857"
8757,4005,"0.61087066"
8758,13719,"3.4453193"
8759,5177,"3.06088825"
8760,6643,"2.5386758"
8761,27315,"7.08397741"
8762,79666,"1.55015342"
8763,5924,"2.12076453"
8764,57112,"17.02847653"
8765,10004,"10.80072983"
8766,55153,"7.28643022"
8767,4005,"1.11726809"
8768,69992,"3.84734466"
8769,11768,"5.37487915"
8770,6171,"2.04062855"
8771,50,"1.43300499"
8772,335,"1.87015161"
8773,6972,"4.07023572"
8774,22118,"5.46864258"
8775,7737,"4.30785413"
8776,606,"1.73238074"
8777,5577,"9.03820124"
8778,65597,"5.01910273"
8780,970,"1.51156098"
8781,235,"0.36103672"
8782,28424,"4.56414153"
8783,28431,"1.42324128"
8784,57,"3.21709353"
8785,33744,"1.42365803"
8786,55153,"6.41264989"
8787,56150,"1.75841734"
8788,9927,"3.96088004"
8789,304,"1.27989505"
8790,57342,"1.01218758"
8791,47,"7.98238018"
8792,6750,"3.4925526"
8793,64368,"0.77581707"
8794,77326,"3363.94283346"
8795,30031,"7.36723269"
8796,10004,"14.78696589"
8797,28425,"5.95719587"
8799,4049,"2.35800275"
8800,2229,"4.72316357"
8801,34746,"3.02994544"
8802,48314,"2.56929367"
8803,727,"1.00468115"
8804,13719,"0.29633838"
8805,48368,"2.11868131"
8806,6658,"1.40104032"
8807,5177,"5.61278329"
8808,27315,"8.71955283"
8809,79666,"1.55015342"
8810,5924,"1.35701427"
8811,57112,"17.02847653"
8812,10004,"10.80072983"
8813,55153,"7.10249753"
8814,2257,"0.38452202"
8815,22118,"5.46864258"
8816,6171,"2.04062855"
8817,50,"3.07723596"
8818,11768,"5.37487915"
8819,13708,"11.13794004"
8820,7737,"5.24374326"
8821,84130,"3.74060532"
8822,48314,"3.28819244"
8823,608,"0.46937062"
8824,6972,"2.18407457"
8825,84536,"8.72257386"
8826,1202,"2.16601434"
8827,33707,"5.08251276"
8828,28424,"4.56414153"
8829,57,"3.21709353"
8830,28431,"4.08744754"
8831,33744,"4.43558845"
8832,25311,"2.99872506"
8833,9922,"10.98123997"
8834,11541,"0.79556794"
8835,55153,"6.41264989"
8836,304,"1.27989505"
8837,4314,"3.21371154"
8838,47,"7.1564234"
8839,77326,"3363.94283346"
8840,10004,"14.78696589"
8841,449,"7.78483623"
8842,30031,"9.81325969"
8843,6750,"2.68276751"
8844,28425,"5.95719587"
8845,4048,"2.78781285"
8846,6657,"0.01879007"
8847,580,"6.91395425"
8848,85229,"0.88311439"
8849,80847,"1.87939669"
8850,6219,"3.38560235"
8851,727,"0.64467032"
8852,13719,"0.29633838"
8853,56138,"0.0031626"
8854,19630,"2.0349061"
8855,27315,"8.11737728"
8856,48365,"6.0203095"
8857,55153,"7.68325325"
8858,2257,"1.37330292"
8859,57112,"17.02847653"
8860,10004,"10.80072983"
8861,48314,"7.96093874"
8862,50,"5.66831445"
8863,6171,"2.04062855"
8864,11768,"5.37487915"
8865,51667,"4.62689304"
8866,13715,"58.97173807"
8867,5586,"0.30584252"
8868,7737,"1.06044268"
8869,5940,"1.64487196"
8870,631,"2.88782551"
8871,4159,"4.84349871"
8872,22123,"4.86249871"
8873,84536,"1.55714443"
8874,505,"3.04878597"
8875,51666,"3.20935033"
8876,28424,"4.56414153"
8877,28424,"6.2163247"
8878,6175,"2.91762743"
8879,59,"2.81872914"
8880,9759,"3.99221933"
8881,9922,"3.47094112"
8882,55153,"5.69440579"
8883,304,"1.27989505"
8884,77326,"3363.94283346"
8885,4314,"4.41049457"
8886,47,"6.20115667"
8887,449,"6.80871226"
8888,10004,"12.57519903"
8889,30031,"36.47780788"
8890,84280,"0.06614778"
8891,28425,"6.44793044"
8892,261,"2.99274616"
8893,8686,"0.48220092"
8894,6221,"1.57128564"
8895,85229,"0.88311439"
8896,11771,"7.67106207"
8897,4025,"0.3491104"
8898,727,"0.64467032"
8899,55098,"3.54264174"
8900,14726,"1.04453527"
8901,76003,"4.70582599"
8902,48314,"8.09275998"
8903,27315,"0.01544006"
8904,5941,"3.01668248"
8905,57112,"17.02847653"
8906,10004,"10.80072983"
8907,59,"3.58825038"
8908,48314,"7.9094704"
8909,2257,"4.84048686"
8910,50,"5.06138489"
8911,6171,"2.04062855"
8912,13715,"60.96585128"
8913,11768,"5.37487915"
8914,64383,"11.84030369"
8915,14222,"2.0867464"
8916,7737,"2.44350799"
8917,631,"2.2278616"
8918,5581,"0.39857199"
8920,55153,"8.58822424"
8921,84536,"7.50341409"
8922,995,"5.60334962"
8923,66,"0.5567985"
8924,28424,"4.56414153"
8925,28424,"6.2163247"
8926,4049,"1.96920022"
8927,59,"2.81872914"
8928,59829,"4.11267653"
8929,55153,"3.67253563"
8930,6666,"2.06096418"
8931,304,"1.27989505"
8932,60679,"2.19586361"
8933,22128,"5.90288953"
8934,11238,"3.28513538"
8935,77326,"3363.94283346"
8936,30031,"36.47780788"
8937,449,"6.03315637"
8938,10004,"11.42854025"
8939,11768,"5.37487915"
8940,11771,"3.19400871"
8941,3101,"5.03776538"
8942,85229,"0.88311439"
8943,6223,"18.40352598"
8944,5081,"0.05166861"
8945,14227,"0.58375098"
8946,727,"0.08356634"
8947,55098,"3.54264174"
8948,27315,"2.82201669"
8949,76003,"6.26622197"
8950,57112,"17.02847653"
8951,10004,"12.26742113"
8952,59025,"1.49664273"
8953,55098,"3.54264174"
8954,38973,"0.97189911"
8955,55153,"7.77091011"
8956,5917,"1.68178809"
8957,48314,"7.9094704"
8958,6171,"2.04062855"
8959,50,"1.69606835"
8960,61,"2.88138851"
8961,13718,"17.58664177"
8962,7737,"1.70561039"
8963,11768,"5.37487915"
8964,11768,"5.37487915"
8965,11768,"5.37487915"
8966,5649,"1.11711861"
8967,84749,"12.50813816"
8968,84536,"19.54519129"
8969,11539,"4.63780111"
8970,1034,"0.50524912"
8971,43,"1.14217522"
8972,75996,"6.43955462"
8973,75996,"6.43955462"
8974,28424,"4.56414153"
8975,5649,"1.11711861"
8976,5649,"1.11711861"
8977,28424,"6.2163247"
8978,59709,"6.01618499"
8979,59709,"6.01618499"
8980,75996,"6.43955462"
8981,4048,"7.24923874"
8982,59,"2.81872914"
8983,55153,"4.56356674"
8984,72444,"3.13706831"
8985,9912,"0.77322694"
8986,304,"1.27989505"
8987,5649,"1.11711861"
8988,59709,"6.01618499"
8989,59709,"6.01618499"
8990,77326,"3363.94283346"
8991,22128,"6.00002125"
8992,11768,"5.37487915"
8993,449,"6.03315637"
8994,55110,"6.87257155"
8995,10004,"11.42854025"
8996,619,"1.52902486"
8997,30031,"36.47780788"
8998,11771,"3.19400871"
8999,6666,"1.56477151"
9000,85229,"0.88311439"
9001,20974,"18.09238761"
9002,5081,"3.30744093"
9003,14219,"0.72628537"
9004,728,"0.73678704"
9005,55098,"3.54264174"
9006,14647,"2.08670714"
9007,14647,"2.08670714"
9008,76003,"6.26622197"
9009,5936,"3.46544141"
9010,57112,"17.02847653"
9011,10004,"12.26742113"
9012,55153,"7.44444078"
9013,38973,"0.74373764"
9014,14647,"2.82002975"
9015,27315,"2.62718984"
9016,3107,"3.43506652"
9017,3107,"3.43506652"
9018,48314,"7.9094704"
9019,66786,"16.08505709"
9020,51712,"5.22225463"
9021,46806,"0.81442525"
9022,3107,"3.43506652"
9023,13718,"9.16528755"
9024,6171,"2.04062855"
9025,7737,"1.70561039"
9026,84749,"12.50813816"
9027,11540,"6.42834622"
9029,46,"2.54664496"
9030,1034,"7.26610742"
9031,28424,"4.56414153"
9032,75996,"7.5009865"
9033,4048,"7.24923874"
9034,59,"2.81872914"
9035,53531,"0.2652956"
9036,28424,"6.2163247"
9037,304,"1.27989505"
9038,55153,"4.44296446"
9039,121,"7.85113105"
9040,77326,"3363.94283346"
9042,19180,"1.33984118"
9043,10004,"11.42854025"
9044,22128,"3.51372429"
9045,449,"6.03315637"
9046,84750,"5.52690315"
9047,48314,"9.62187206"
9048,85229,"0.88311439"
9049,20977,"6.02467784"
9050,11771,"3.19400871"
9051,5081,"6.92954057"
9052,6670,"0.78454293"
9053,14217,"2.47649577"
9054,55098,"3.54264174"
9055,7299,"3.43122098"
9056,30031,"36.47780788"
9057,76003,"6.26622197"
9058,27315,"2.6786674"
9059,57112,"16.04642254"
9060,10004,"12.26742113"
9061,14950,"3.04551559"
9062,48314,"7.9094704"
9063,55153,"6.96313035"
9064,10326,"0.65769628"
9065,12179,"4.13433931"
9066,51712,"5.41366567"
9067,6171,"2.04062855"
9068,3107,"0.55049884"
9069,28424,"6.2163247"
9070,85846,"2.3464906"
9071,7737,"1.70561039"
9072,11540,"6.42834622"
9073,84749,"12.50813816"
9074,13718,"9.16528755"
9075,84536,"14.39188631"
9076,1034,"7.26610742"
9077,64830,"1.36018802"
9078,46,"5.93070258"
9079,28424,"4.56414153"
9080,28424,"6.2163247"
9081,76333,"10.38671607"
9082,4048,"7.24923874"
9083,59,"2.81872914"
9084,55153,"3.51579574"
9085,9912,"6.37875351"
9086,304,"1.27989505"
9087,12597,"2.57456947"
9088,77326,"3363.94283346"
9089,10004,"11.42854025"
9090,68634,"1.97298379"
9091,22128,"5.13425304"
9092,69674,"5.29197185"
9093,30031,"36.47780788"
9094,449,"6.03315637"
9095,121,"1.49862706"
9096,13658,"6.1342522"
9097,85229,"0.88311439"
9098,6672,"6.93460796"
9099,34742,"3.06355057"
9100,63366,"3.86196777"
9101,50046,"4.55241497"
9102,55098,"3.54264174"
9103,27315,"0.61677416"
9104,28491,"7.85601553"
9105,76003,"6.26622197"
9106,68598,"84.51004927"
9107,10333,"2.23494069"
9108,55153,"6.25561436"
9109,57112,"16.04642254"
9110,10004,"12.26742113"
9111,4870,"2.62186604"
9112,48314,"7.9094704"
9113,51712,"5.41366567"
9114,6171,"2.04062855"
9115,13718,"9.16528755"
9116,66579,"9.83008746"
9117,7737,"1.70561039"
9118,77418,"1.65592857"
9119,600,"8.32117234"
9120,79147,"4.22842969"
9121,45,"2.26160948"
9122,1034,"7.26610742"
9123,28424,"6.2163247"
9124,59,"2.81872914"
9125,28424,"4.56414153"
9126,85139,"5.49757613"
9127,84536,"10.19513938"
9128,51762,"11.68733463"
9129,9739,"0.03007258"
9130,55153,"3.98719398"
9131,13993,"6.51714048"
9132,304,"1.27989505"
9133,29236,"0.44039505"
9134,77326,"3363.94283346"
9135,10004,"26.37225134"
9136,22128,"5.13425304"
9137,54038,"14.17119372"
9138,48388,"3.55878215"
9139,69674,"5.29197185"
9140,30031,"36.47780788"
9141,9929,"1.47036498"
9142,13658,"6.1342522"
100,19520,"0.58943669"
9143,85229,"0.88311439"
9144,80847,"1.88184209"
9145,55098,"3.54264174"
9146,27315,"1.64310657"
9147,68598,"61.38008248"
9148,57112,"16.04642254"
9149,84949,"0.21592603"
9150,10004,"12.26742113"
9151,63366,"0.18581491"
9152,55153,"5.63685843"
9153,10333,"0.31944007"
9154,4870,"1.77469716"
9155,48314,"7.9094704"
9156,12181,"1.74338342"
9157,6171,"2.04062855"
9158,54038,"4.03890954"
9159,51712,"5.41366567"
9160,13718,"9.16528755"
9161,11765,"1.52400892"
9162,7737,"1.70561039"
9163,62428,"0.46138639"
9164,69674,"3.2891452"
9165,21568,"13.8102"
9166,1034,"7.26610742"
9167,7302,"1.31145733"
9168,28424,"4.56414153"
9169,28491,"1.41198689"
9170,121,"3.70244657"
9171,28424,"6.2163247"
9172,51762,"8.19330836"
9173,3101,"1.25426309"
9174,59,"2.81872914"
9175,9739,"3.13645191"
9176,55153,"4.23090535"
9177,304,"1.27989505"
9178,727,"7.55179455"
9179,13967,"12.71320513"
9180,6207,"0.00969726"
9181,10004,"26.37225134"
9182,22128,"7.90243053"
9183,69674,"5.29197185"
9184,30031,"36.47780788"
9185,6214,"0.54398713"
9186,77326,"3363.94283346"
9187,13658,"6.1342522"
9188,28500,"7.39313846"
9189,68120,"2.66694417"
9190,48298,"0.87178523"
9191,12191,"1.24788409"
9192,55098,"3.54264174"
9193,27315,"1.77342319"
9194,84949,"3.07225613"
9195,57112,"16.04642254"
9196,10004,"12.49550434"
9197,55153,"6.57287508"
9198,68598,"65.01376922"
9199,10333,"0.72669414"
9200,4870,"1.77469716"
9201,12184,"1.68592301"
9202,60035,"0.61550168"
9203,51711,"0.73834121"
9204,6171,"2.04062855"
9205,775,"7.32309979"
9206,13718,"5.05412721"
9207,7736,"0.16448402"
9208,62430,"0.08474103"
9209,48314,"7.9094704"
9210,69674,"2.87512061"
9211,1034,"7.26610742"
9212,23,"4.62578923"
9213,28424,"4.56414153"
9214,28424,"6.2163247"
9215,22100,"0.9084048"
9216,22100,"0.9084048"
9217,3101,"38.5290927"
9218,59,"2.81872914"
9219,21546,"4.06317094"
9220,50766,"0.1652792"
9221,55153,"4.23069782"
9222,13977,"4.31889746"
9223,51760,"7.77337081"
9224,304,"1.27989505"
9225,727,"8.73668599"
9226,6207,"0.06803405"
9227,77326,"3363.94283346"
9228,22128,"7.94723455"
9229,69674,"5.29197185"
9230,6217,"0.48308508"
9231,48314,"6.59767751"
9232,10004,"26.37225134"
9233,30031,"36.47780788"
9234,28500,"4.23574709"
9235,7802,"1.61418338"
9236,22100,"0.9084048"
9237,22100,"0.9084048"
9238,57112,"16.04642254"
9239,4023,"9.8489687"
9240,50,"0.01570896"
9241,55098,"3.54264174"
9242,76003,"7.3797359"
9243,27315,"3.27468149"
9244,22100,"0.9084048"
9245,57112,"16.04642254"
9246,9931,"0.65211091"
9247,10004,"12.8383342"
9248,68598,"60.36359429"
9249,10333,"2.8664219"
9250,4870,"1.77469716"
9251,12184,"1.68592301"
9252,11762,"11.45638302"
9253,48314,"7.9094704"
9254,121,"3.9154462"
9255,6171,"2.04062855"
9256,13718,"5.05412721"
9257,11864,"2.64393732"
9258,8605,"2.20843709"
9259,55153,"7.31141798"
9260,69674,"1.03212983"
9261,3511,"0.19453557"
9262,21533,"1.73777702"
9263,1034,"7.26610742"
9264,60028,"0.32286466"
9265,28424,"6.2163247"
9266,259,"2.32996826"
9267,4048,"0.55475948"
9268,59,"2.81872914"
9269,13977,"2.13081492"
9270,55153,"4.23069782"
9271,304,"1.27989505"
9272,28424,"4.56414153"
9273,24504,"3.64256216"
9274,727,"8.73668599"
9275,77326,"3363.94283346"
9276,6207,"0.06803405"
9277,22128,"4.92026581"
9278,4337,"1.08683636"
9279,30031,"36.47780788"
9280,69674,"5.29197185"
9281,10004,"26.37225134"
9282,7802,"5.10754424"
9283,28495,"2.04977398"
9284,4023,"9.8489687"
9285,50,"1.67978364"
9286,55098,"3.54264174"
9287,27315,"3.70450427"
9288,39385,"9.74815726"
9289,8216,"4.97532522"
9290,68598,"56.876386"
9291,10004,"13.78863638"
9292,84944,"6.29413508"
9293,55153,"6.19987115"
9294,121,"2.87791934"
9295,6171,"2.04062855"
9296,7566,"5.94093889"
9297,7472,"0.75721055"
9298,12184,"1.68592301"
9299,13718,"5.46458951"
9300,63821,"5.57375911"
9301,69674,"5.51181106"
9302,7437,"2.73985523"
9303,21533,"6.41509798"
9304,4005,"3.58900646"
9305,4005,"3.58900646"
9306,4870,"1.77469716"
9307,1034,"7.26610742"
9308,33828,"1.88924001"
9309,28424,"4.56414153"
9310,4048,"0.55475948"
9311,28424,"6.2163247"
9312,3107,"0.68003731"
9313,4005,"3.58900646"
9314,42,"2.57532342"
9315,24510,"2.08989573"
9316,59,"2.81872914"
9317,304,"1.27989505"
9318,32403,"2.83611304"
9319,6207,"0.06803405"
9320,77326,"3363.94283346"
9321,10004,"8.33894013"
9322,22128,"2.67520358"
9323,79147,"0.56987726"
101,57,"13.09446898"
102,34744,"0.22944971"
103,55153,"5.60593931"
104,8242,"2.7866078"
105,3224,"9.06802324"
106,1228,"0.86603164"
158,8242,"8.81092523"
453,11597,"0.58322951"
530,34744,"0.22944971"
885,9534,"1.52700439"
920,13371,"8.28378472"
7761,28424,"8.86957277"
7830,74007,"2.84090927"
7831,65593,"3.96767545"
7832,237,"10.09697734"
7833,70684,"0.05399663"
7834,34745,"0.0652325"
7835,48314,"6.59767751"
7836,4843,"1.89797823"
607,13373,"2.67862138"
59,70895,"234.32907399"
8491,27315,"10.20951379"
8798,88811,"36.33548873"
8919,4159,"3.87984365"
9041,9912,"4.70460331"
1552,7463,"3.1034973"
9324,4340,"4.75733187"
9325,48314,"10.12566189"
9326,7802,"5.10754424"
9327,4023,"0.56532452"
9328,50,"0.84422683"
60,6211,"3.97259498"
61,48314,"11.24081387"
62,116,"1.64711232"
63,59148,"2.96617359"
64,59719,"1.1244127"
65,4060,"6.32078771"
399,11599,"4.77488052"
503,11593,"4.31017884"
7776,29,"10.62382732"
7785,619,"1.56333322"
7786,237,"10.09697734"
7787,68598,"57.34150975"
7788,48314,"6.59767751"
7789,48076,"6.52817205"
7790,4843,"1.89797823"
7791,1888,"4.60939221"
241,39836,"4.14714059"
550,11593,"4.31017884"
707,13404,"7.81912303"
810,13371,"4.93859858"
9337,4870,"1.06805308"
9338,48314,"10.12566189"
9339,12184,"1.68592301"
9340,2202,"6.53272182"
9341,50122,"0.92916562"
9342,6171,"2.04062855"
9343,121,"4.58332967"
9344,28843,"1.03627936"
9345,13716,"7.35158298"
9346,6765,"2.56379833"
9347,9550,"2.69449096"
9348,10333,"2.95241522"
9349,68120,"0.81325465"
9350,7194,"0.06709964"
9351,10333,"2.95241522"
9352,10333,"2.95241522"
9353,7194,"3.82651386"
9354,7194,"3.82651386"
9355,1034,"7.26610742"
9356,33828,"1.88924001"
9357,7194,"3.82651386"
9358,28424,"6.2163247"
9359,580,"4.17642516"
9360,4005,"3.93576963"
9361,24514,"1.02727982"
9362,18722,"4.96176583"
9363,59,"2.81872914"
9364,13977,"1.90990556"
9365,263,"4.3389954"
9366,55153,"3.70083929"
9367,304,"0.69491321"
9368,28424,"4.56414153"
9369,6207,"0.05342558"
9370,77326,"3363.94283346"
9371,22128,"4.29569496"
9372,465,"3.41577013"
9373,10004,"8.33894013"
9374,4341,"5.46475987"
9375,10333,"2.95241522"
9376,7802,"6.60635129"
9377,9537,"0.54693593"
9378,305,"1.27185348"
9379,48314,"7.25357524"
9380,48314,"7.25357524"
9381,48314,"7.25357524"
9382,48314,"7.25357524"
9383,50,"0.3535091"
9384,55098,"0.01590699"
9385,27315,"1.93677721"
9386,11778,"2.64383253"
9387,68598,"61.58271733"
9388,8251,"0.75917331"
9389,10004,"13.40687143"
9390,48314,"10.12566189"
9391,48314,"9.77489172"
9392,12184,"1.68592301"
9393,728,"1.43181527"
9394,773,"0.85060385"
9395,6171,"2.04062855"
9396,13960,"0.09708757"
9397,4869,"1.32420512"
9398,11346,"0.28621768"
9399,11238,"4.84306808"
9400,55017,"0.05535414"
9401,539,"1.73329308"
9402,33828,"1.88924001"
9403,48314,"6.59767751"
9404,28424,"4.56414153"
9405,937,"2.99043068"
9406,937,"2.99043068"
9407,265,"7.7947779"
9408,28424,"6.2163247"
9409,7218,"1.04460063"
9410,11765,"0.41405901"
9411,19195,"1.87495541"
9412,59,"2.81872914"
9413,55153,"5.07637955"
9414,937,"2.99043068"
9415,937,"2.99043068"
9416,18722,"2.74429967"
9417,51167,"4.33441079"
9418,55153,"0.13309771"
9419,304,"0.69491321"
9420,77326,"3363.94283346"
9421,6211,"2.63429693"
9422,22128,"6.2644841"
9423,39836,"3.16869512"
9424,10004,"7.82780157"
9425,937,"2.99043068"
9426,464,"2.99556034"
9427,4324,"3.63548441"
9428,10333,"2.95241522"
9429,7802,"6.60635129"
9430,49972,"0.06460857"
9431,305,"9.19287427"
9432,50,"0.3535091"
9433,55098,"0.01590699"
9434,27315,"0.82222144"
9435,9026,"2.78279009"
9436,59576,"1.94200535"
9437,10004,"11.46836094"
9438,55153,"5.14108642"
9439,4869,"0.54579943"
9440,68598,"52.84109482"
9441,773,"1.8249396"
9442,60960,"2.27775118"
9443,6171,"2.04062855"
9444,7466,"3.61737768"
9445,13960,"0.59712677"
9446,13726,"7.99005901"
9447,728,"7.73798901"
9448,48314,"10.12566189"
9449,619,"5.69572766"
9450,2506,"4.32417772"
9451,14069,"4.43691034"
9452,28424,"4.56414153"
9453,28424,"6.2163247"
9454,33828,"1.88924001"
9455,11763,"6.31912336"
9456,48314,"1.76850391"
9457,62438,"0.2243289"
9458,48314,"7.66461674"
9459,304,"0.69491321"
9460,55153,"0.14320594"
9461,28588,"3.585869"
9462,4083,"1.48970534"
9463,22128,"6.2644841"
9464,24435,"0.13390199"
9465,59,"2.81872914"
9466,4324,"4.04685814"
9467,10004,"15.79178519"
9468,29283,"3.11062205"
9469,77326,"3363.94283346"
9470,464,"2.99556034"
9471,919,"1.50051098"
9472,3818,"1.15805446"
9473,7821,"38.76663839"
9474,9520,"4.8724006"
9475,337,"4.64655314"
9477,55098,"0.01590699"
9478,27315,"0.70973121"
9479,51712,"5.89597722"
9480,59569,"1.39846585"
9481,10004,"11.46836094"
9482,55153,"5.61098284"
9483,4869,"0.54579943"
9484,80847,"1.01189202"
9485,13726,"9.88422053"
9486,75296,"10.61115589"
9487,7466,"3.61737768"
9488,6171,"2.04062855"
9489,68598,"53.9412805"
9490,55160,"5.94409764"
9491,12265,"6.95491961"
9492,5511,"0.19600524"
9493,619,"6.23749134"
9494,48314,"10.12566189"
9495,21,"10.05860683"
9496,28424,"4.56414153"
9497,59,"2.81872914"
9498,50127,"1.23117683"
9499,1041,"1.69923047"
9500,768,"3.37449946"
9501,48314,"7.42302076"
9502,28424,"6.2163247"
9503,24435,"0.3406586"
9504,48314,"7.42302076"
9505,55153,"0.13355541"
9506,304,"0.69491321"
9507,55127,"0.36426719"
9508,77326,"3363.94283346"
9509,18712,"0.3399042"
9510,22128,"6.2644841"
9511,10004,"15.79178519"
9512,916,"7.19064414"
9513,4084,"5.92957867"
9514,7300,"5.60036702"
9515,48314,"9.62187206"
9516,4324,"4.25987643"
9517,464,"2.99556034"
9518,7823,"2.7609318"
9519,9420,"7.67103676"
9520,3830,"0.44577957"
9521,50,"0.3535091"
9522,337,"0.08541952"
9523,55098,"0.01590699"
9524,27315,"0.30249981"
9525,51712,"5.89597722"
9526,59569,"2.01961752"
9527,68598,"59.50414303"
9528,10004,"11.46836094"
9529,55153,"5.04177127"
9530,31159,"1.04521209"
9531,75296,"10.61115589"
9532,7300,"5.17314924"
9533,7466,"3.61737768"
9534,6172,"1.66503847"
9535,55160,"2.06573808"
9536,55098,"9.00858664"
9537,4023,"11.5532246"
9538,13950,"3.93622168"
9539,5524,"1.22140712"
9540,619,"6.23749134"
9541,10027,"1.67770738"
9542,48314,"10.12566189"
9543,21,"4.51311962"
9544,28424,"4.56414153"
9545,28424,"6.2163247"
9546,4084,"2.94484503"
9547,10006,"4.08638788"
9548,85292,"0.69075476"
9549,19191,"2.37864131"
9550,59,"2.81872914"
9551,55153,"0.10900623"
9552,2490,"4.01723678"
9553,304,"0.69491321"
9554,48314,"6.6675412"
9555,5253,"3.11225061"
9556,77326,"3363.94283346"
9557,22128,"6.2644841"
9558,10004,"14.31771761"
9559,3052,"32.74907715"
9560,4324,"4.25987643"
9561,3822,"1.55875688"
9562,7823,"8.49788826"
9563,9416,"7.24924579"
9564,917,"4.75561672"
9565,50,"0.3535091"
9566,55098,"0.01590699"
9567,65394,"2.51469914"
9568,27315,"1.36339847"
9569,59569,"1.31265051"
9570,68598,"64.58609708"
9571,10004,"11.01463807"
9572,31160,"4.50964418"
9573,48314,"10.12566189"
9574,6224,"5.20907026"
9575,337,"1.10517685"
9576,55153,"5.04177127"
9577,7300,"5.17314924"
9579,55160,"2.06573808"
9580,60293,"2.72389375"
9581,32397,"1.15574325"
9582,11599,"3.47274658"
9583,619,"6.23749134"
9584,55098,"4.1879452"
9585,79153,"3.83799792"
9586,28424,"4.56414153"
9587,1044,"0.09881207"
9588,28424,"6.2163247"
9589,85292,"0.69075476"
9590,24411,"1.82766586"
9591,48314,"6.6675412"
9592,55153,"0.69102964"
9593,8388,"4.31972019"
9594,71243,"4.45857064"
9595,59,"2.81872914"
9596,304,"0.69491321"
9597,10006,"4.08638788"
9598,10004,"9.74010315"
9599,22128,"6.2644841"
9600,68594,"48.59241215"
9601,4326,"9.51538862"
9602,77326,"3363.94283346"
9603,5110,"15.10836685"
9604,5127,"44.3691375"
9605,5255,"1.81296556"
9606,7823,"10.58708245"
9607,3822,"2.66298721"
9608,9415,"2.70448822"
9609,318,"3.63620476"
9610,50,"0.3535091"
9611,55098,"0.01590699"
9612,27315,"2.59824808"
9614,10004,"11.01456207"
9615,68598,"55.54619011"
9616,55153,"5.04177127"
9617,59569,"1.31265051"
9618,5597,"3.18836241"
9619,33746,"8.22230271"
9620,6227,"7.10786075"
9621,60293,"2.21205812"
9622,11599,"3.56152742"
9623,55160,"2.06573808"
9624,32402,"2.08433698"
9625,55098,"5.4645979"
9626,3224,"0.23896721"
9627,48314,"10.12566189"
9628,48314,"10.12566189"
9629,79153,"2.81051661"
9630,7300,"5.17314924"
9631,1044,"0.43481348"
9632,48314,"10.12566189"
9633,21455,"1.78623754"
9634,2217,"12.90272767"
9635,4091,"0.46026276"
9636,28424,"6.2163247"
9637,48314,"6.6675412"
9638,28424,"4.56414153"
9639,50049,"1.3145603"
9640,55153,"0.69102964"
9641,10006,"4.08638788"
9642,24411,"1.45478354"
9643,304,"0.69491321"
9644,77326,"3363.94283346"
9645,59,"2.81872914"
9646,5259,"4.70338415"
9647,22128,"6.2644841"
9648,114,"47.19362111"
9649,930,"2.59798635"
9650,1401,"8.93963396"
9651,10004,"8.34706369"
9652,10918,"0.64180543"
9653,7823,"10.58708245"
9654,9415,"0.99623754"
9655,481,"6.78445479"
9656,55098,"0.01590699"
9657,27315,"3.26387418"
9658,2205,"1.3393756"
9659,68598,"55.54619011"
9660,13421,"5.32766917"
9661,10004,"11.01456207"
9662,6227,"7.10786075"
9663,55160,"2.06573808"
9664,7300,"3.84277533"
9665,60293,"7.47675167"
9666,76154,"0.35634975"
9667,11600,"3.27998164"
9668,8906,"3.48475367"
9669,55153,"5.04177127"
9670,6562,"2.16727493"
9671,53501,"5.81735032"
9672,79153,"2.81051661"
9673,21456,"2.81211158"
9674,1182,"74.0344043"
9675,5607,"0.9186002"
9676,28424,"4.56414153"
9677,281,"2.15648969"
9678,11506,"5.53850357"
9679,59,"2.81872914"
9680,55153,"0.69102964"
9681,281,"3.90168915"
9682,30918,"3.66332854"
9683,28424,"6.2163247"
9684,6057,"8.23813821"
9685,304,"0.69491321"
9686,77326,"3364.8654732"
9687,22125,"5.03678737"
9688,10004,"8.34706369"
9689,6964,"61.42107407"
9690,48314,"6.6675412"
9691,29016,"1.21548493"
9692,930,"7.06299414"
9693,1043,"1.55335484"
9694,28909,"0.06410887"
9695,10918,"0.48664643"
9696,78399,"6.1685173"
9697,9886,"9.76428841"
9698,55098,"0.01590699"
9699,48314,"10.12566189"
9700,27315,"6.17514375"
9701,48314,"10.12566189"
9702,48314,"10.12566189"
9703,13418,"5.45196382"
9704,10004,"11.01456207"
9705,68598,"55.54619011"
9706,55153,"5.04177127"
9707,48314,"10.12566189"
9708,3103,"4.05036292"
9709,68796,"2.37710235"
9710,64831,"1.35937827"
9711,64831,"1.35937827"
9712,28426,"1.49722157"
9713,55160,"2.06573808"
9714,5899,"3.72448666"
9715,33827,"2.20599322"
9716,27525,"2.45015695"
9717,12270,"4.42876458"
9718,64831,"1.35937827"
9719,64831,"1.35937827"
9720,6717,"5.06209314"
9721,8906,"6.36213703"
9722,3075,"7.36011274"
9723,79153,"2.81051661"
9724,21456,"2.63506855"
9725,28424,"4.56414153"
9726,60030,"2.20500764"
9727,10006,"5.78239928"
9728,28424,"3.85258276"
9729,1182,"13.90445701"
9730,13603,"3.5120836"
9731,24379,"2.01292938"
9732,48314,"6.6675412"
9733,55153,"0.69102964"
9734,59,"2.81872914"
9735,304,"0.69491321"
9736,6057,"8.23813821"
9737,82261,"9.58808684"
9738,77326,"3365.34526475"
9739,4081,"9.34185041"
9740,10004,"8.34706369"
9741,22817,"2.44716545"
9742,930,"7.06299414"
9743,64830,"0.14003162"
9744,7132,"167.31767635"
9745,28909,"0.06410887"
9746,10918,"0.99791894"
9747,59708,"6.41339164"
9748,55098,"0.01590699"
9749,27315,"5.16384591"
9750,9883,"9.39278194"
9751,78,"1.9748741"
9752,10004,"11.01456207"
9753,14045,"4.83588014"
9754,68598,"55.54619011"
9755,55153,"2.37721811"
9756,48314,"10.12566189"
9757,28424,"3.82653354"
9758,34,"3.58315303"
9759,5907,"3.90837163"
9760,11593,"3.78622536"
9761,55160,"2.06573808"
9762,6718,"12.08242502"
9763,63876,"11.63237318"
9764,9147,"1.33016372"
9765,39411,"0.99593295"
9766,5493,"0.14530149"
9767,3076,"0.30589424"
9768,60030,"2.20500764"
9769,930,"7.06299414"
9770,3576,"1.49719078"
9771,278,"3.23172423"
9772,64855,"1.79902296"
9773,13603,"4.38455072"
9774,28424,"3.85258276"
9775,28424,"4.56414153"
9776,78784,"3.36357423"
9777,48314,"6.6675412"
9778,21465,"5.06005671"
9779,55153,"0.69102964"
9780,304,"0.69491321"
9781,59,"2.81872914"
9782,77326,"3356.35149691"
9783,6057,"8.23813821"
9784,82261,"9.31759048"
9785,10004,"8.34706369"
9786,930,"7.06299414"
9787,240,"0.08888062"
9788,1411,"11.61506766"
9789,54039,"7.61433402"
9790,35497,"0.80837648"
9791,9883,"4.34142492"
9792,28909,"0.06410887"
9793,121,"9.72176949"
9794,55098,"0.01590699"
9795,27315,"19.75505818"
9796,82,"8.21794945"
9797,14045,"4.83588014"
9798,68598,"55.54619011"
9799,13704,"87.02381781"
9800,10004,"11.01456207"
9801,2428,"1.62841507"
9802,28419,"0.37767956"
9803,34,"4.64825877"
9804,13719,"2.67093268"
9805,55160,"2.06573808"
9806,8993,"3.84845393"
9807,63876,"6.43268237"
9808,786,"0.55015602"
9809,6718,"4.13031218"
9810,55153,"3.41794258"
9811,5493,"3.47632253"
9812,48314,"10.12566189"
9813,60291,"3.63462101"
9814,60030,"2.20500764"
9815,3569,"1.79539866"
9816,28424,"4.60451829"
9817,278,"3.23172423"
9818,28424,"3.85258276"
9819,48314,"15.70010456"
9820,4897,"0.94647063"
9821,59,"2.81872914"
9822,78784,"3.36357423"
9823,55153,"0.69102964"
9824,304,"0.69491321"
9825,64855,"1.70666922"
9826,77326,"3355.99421059"
9827,6057,"8.23813821"
9828,10004,"8.34706369"
9829,22128,"11.81811683"
9830,117,"10.52749053"
9831,930,"7.06299414"
9832,22846,"2.43933072"
9833,79638,"2.233039"
9834,54039,"17.30552626"
9835,2735,"3.12079013"
9836,9895,"2.45590663"
9837,28909,"3.0675872"
9838,121,"0.62105653"
9839,55098,"0.01590699"
9840,13704,"81.56191658"
9841,68598,"55.54619011"
9842,33660,"1.60223147"
9843,85,"10.08428083"
9844,55153,"4.46553694"
9845,10004,"11.01456207"
9846,10610,"0.55846648"
9847,48314,"10.57240582"
9848,28424,"9.99143715"
9849,55160,"4.93830928"
9850,34,"2.01549436"
9851,70880,"5.24933906"
9852,785,"0.98651626"
9853,66575,"8.82646361"
9854,8993,"2.76668956"
9855,88079,"2.39415507"
9856,5495,"0.54910045"
9857,60290,"2.65893308"
9858,60030,"2.20500764"
9859,3097,"1.60519893"
9860,930,"11.17193208"
9861,28424,"2.64207272"
9862,28424,"3.85258276"
9863,13211,"1.79540859"
9864,48314,"15.70010456"
9865,28424,"2.64207272"
9866,24299,"1.02321303"
9867,55153,"0.69102964"
9868,304,"0.69491321"
9869,59,"2.81872914"
9870,6057,"8.23813821"
9871,10004,"8.34706369"
9872,22128,"8.47779834"
9873,279,"0.43838591"
9874,930,"7.06299414"
9875,77326,"3355.99421059"
9876,203,"34.95601625"
9877,9408,"3.89331704"
9878,235,"1.60800522"
9879,13978,"5.65219617"
9880,28899,"0.14277778"
9881,2728,"54.73289156"
9882,121,"4.53171605"
9883,64855,"1.70666922"
9884,55098,"0.01590699"
9885,85,"8.4510533"
9886,13704,"81.56191658"
9887,68598,"55.54619011"
9888,8189,"3.45217959"
9889,10004,"11.01456207"
9890,55153,"8.40249865"
9891,48314,"3.81744712"
9892,2433,"3.32409231"
9893,9937,"3.05524699"
9894,27315,"43.61077486"
9895,22124,"1.71584386"
9896,28424,"9.99143715"
9897,70881,"0.01800839"
9898,88079,"2.39415507"
9899,34,"2.01549436"
9900,5495,"12.91034875"
9901,63606,"2.74003372"
9902,930,"3.34787726"
9903,60030,"2.20500764"
9904,28424,"1.39831344"
9905,13521,"1.17733653"
9906,39375,"7.78749975"
9907,28424,"3.85258276"
9908,39850,"7.00669519"
9909,13211,"1.88409189"
9910,48314,"15.70010456"
9911,55153,"0.69102964"
9912,59,"2.81872914"
9913,4083,"1.95402004"
9914,304,"0.69491321"
9915,77326,"3355.9941408"
9916,10006,"0.85299862"
9917,6057,"8.23813821"
9918,22128,"8.47779834"
9919,51666,"7.80371007"
9920,9408,"4.78189763"
9921,930,"7.06299414"
9922,51148,"2.63168836"
9923,201,"22.64410243"
9924,1319,"252.65829819"
9925,53506,"0.40822085"
9926,28899,"2.01127773"
9927,121,"4.15105936"
9928,55098,"0.01590699"
9929,13704,"81.56191658"
9930,85,"8.4510533"
9931,68598,"55.54619011"
9932,10004,"11.01456207"
9933,8192,"1.17073736"
9934,48314,"2.46240848"
9935,28424,"9.99143715"
9936,22118,"0.63541412"
9937,6503,"3.29636534"
9938,2426,"3.51453539"
9939,55153,"7.96704347"
9940,80094,"0.00214816"
9941,13704,"37.6061536"
9942,4018,"4.35528471"
9943,34,"2.63843945"
9944,88079,"2.39415507"
9945,5936,"8.19365914"
9946,5495,"31.11739701"
9947,9918,"0.77674084"
9329,55098,"3.54264174"
9330,20970,"3.13656838"
9331,27315,"1.95568878"
9332,11843,"2.76952815"
9333,8709,"0.32534517"
9334,10004,"13.40687143"
9335,68598,"56.58155518"
9336,55153,"5.04162352"
9948,917,"5.55435143"
9949,60030,"2.20500764"
9950,279,"4.71395429"
1740,10333,"2.05647941"
9951,28425,"2.31807124"
9952,276,"1.17087862"
9953,49983,"1.80120455"
9985,28424,"9.99143715"
9986,80094,"4.10800367"
9987,22118,"0.63541412"
1909,340,"2.29612739"
2039,39841,"0.30529824"
2202,54440,"5.92229832"
2561,28424,"3.46410176"
1,62435,"0.80537383"
2,8798,"3.92164275"
3,3053,"35.32210011"
4,41577,"1.66983703"
5,2229,"2.18198405"
6,70895,"240.12579409"
7,48314,"13.99376498"
8,55098,"5.46614221"
9578,33744,"1.26185275"
9613,584,"1.37389106"
9,6207,"4.46198968"
10,116,"4.77010233"
11,6657,"3.18711509"
12,4060,"6.32078771"
13,59148,"2.96617359"
14,8478,"2.50947627"
15,48314,"4.39206629"
16,55153,"12.10614492"
17,14088,"1.98122362"
18,55098,"4.78685669"
19,8265,"4.66256033"
20,9901,"2.23531925"
21,48,"7.80751307"
22,59569,"1.19532423"
23,8266,"1.05675429"
24,55153,"12.59495444"
25,28611,"2.13572144"
750,8339,"6.72800536"
762,13371,"4.93859858"
972,13371,"8.28378472"
9988,2605,"5.72978954"
9989,783,"5.29178102"
9990,88079,"2.39415507"
9991,5877,"61.30754461"
9992,68598,"5.23095318"
9993,65146,"1.2023525"
9994,5494,"13.68880349"
9995,60030,"2.20500764"
9996,28425,"3.25043548"
9997,7455,"0.02125596"
9998,28424,"3.85258276"
9999,50056,"2.23082628"
10000,59,"2.81872914"
